OccurenceID,Status,TotalHoursServed,PopulationsServed,ImpactArea,VolunteerOpportunityName,Location,VolunteerLeaderNeeded,MaxAttendance,MinAttendance,Confirmed,VolunteerStillNeeded,Attended,HourServed,RecordID
OC-028456,Active,306,Environmental education; Integrated,Environmental Conservation ????,Serve-A-Thon: Soap Recycling 1:30 p.m. session (Family Welcome),Soap Cycling,0,16,5,10,6,8,16,a0N0I00001AFCUy
OC-028457,Active,306,Environmental education; Integrated,Environmental Conservation ????,Serve-A-Thon: Soap Recycling 1:30 p.m. session (Family Welcome),Soap Cycling,0,30,5,27,3,27,54,a0N0I00001AFCUy
OC-028452,Active,194,Integrated,Environmental Conservation ????,Serve-A-Thon: Soap Recycling 10 a.m. session (Family Welcome),Soap Cycling,0,30,5,27,3,27,54,a0N0I00001AFCcJ
OC-028453,Active,194,Integrated,Environmental Conservation ????,Serve-A-Thon: Soap Recycling 10 a.m. session (Family Welcome),Soap Cycling,0,30,5,28,2,28,56,a0N0I00001AFCcJ
OC-028428,Active,85,Hunger & homelessness,Hunger & Homelessness ????????????,Serve-A-Thon: Deliver Daily Necessities to Homeless People in Sham Shui Po,"ImpactHK, Sham Shui Po",0,3,1,7,-4,7,14,a0N0I00001AFOJF
OC-028427,Active,85,Hunger & homelessness,Hunger & Homelessness ????????????,Serve-A-Thon: Deliver Daily Necessities to Homeless People in Sham Shui Po,"ImpactHK, Sham Shui Po",0,3,1,1,2,1,2,a0N0I00001AFOJF
OC-028627,Canceled,68.25,Environmental education,Environmental Conservation ????,Serve-A-Thon: Help with sorting donated goods at Crossroads (Youth Welcome),Crossroads Foundation,0,8,1,4,4,0,0,a0N0I00001AGdvE
OC-028628,Active,68.25,Environmental education,Environmental Conservation ????,Serve-A-Thon: Help with sorting donated goods at Crossroads (Youth Welcome),Crossroads Foundation,0,8,1,4,4,4,13,a0N0I00001AGdvE
OC-028629,Canceled,68.25,Environmental education,Environmental Conservation ????,Serve-A-Thon: Help with sorting donated goods at Crossroads (Youth Welcome),Crossroads Foundation,0,8,1,1,7,0,0,a0N0I00001AGdvE
OC-028631,Canceled,68.25,Environmental education,Environmental Conservation ????,Serve-A-Thon: Help with sorting donated goods at Crossroads (Youth Welcome),Crossroads Foundation,0,8,1,2,6,0,0,a0N0I00001AGdvE
OC-028634,Active,68.25,Environmental education,Environmental Conservation ????,Serve-A-Thon: Help with sorting donated goods at Crossroads (Youth Welcome),Crossroads Foundation,0,8,1,5,3,4,13,a0N0I00001AGdvE
OC-028635,Active,68.25,Environmental education,Environmental Conservation ????,Serve-A-Thon: Help with sorting donated goods at Crossroads (Youth Welcome),Crossroads Foundation,0,8,1,6,2,6,19.5,a0N0I00001AGdvE
OC-028633,Active,68.25,Environmental education,Environmental Conservation ????,Serve-A-Thon: Help with sorting donated goods at Crossroads (Youth Welcome),Crossroads Foundation,0,8,1,7,1,7,22.75,a0N0I00001AGdvE
OC-029021,Active,375.75,Children and youth; Elderly; Hunger & homelessness,Hunger & Homelessness ????????????,Youth Opportunity: Collect Bread for Redistribution (Fortress Hill),Feeding Hong Kong,0,2,1,0,2,0,0,a0N0I00001DHJOY
OC-029020,Active,375.75,Children and youth; Elderly; Hunger & homelessness,Hunger & Homelessness ????????????,Youth Opportunity: Collect Bread for Redistribution (Fortress Hill),Feeding Hong Kong,0,2,1,0,2,0,0,a0N0I00001DHJOY
OC-029012,Active,375.75,Children and youth; Elderly; Hunger & homelessness,Hunger & Homelessness ????????????,Youth Opportunity: Collect Bread for Redistribution (Fortress Hill),Feeding Hong Kong,0,2,1,1,1,0,0,a0N0I00001DHJOY
OC-029013,Active,375.75,Children and youth; Elderly; Hunger & homelessness,Hunger & Homelessness ????????????,Youth Opportunity: Collect Bread for Redistribution (Fortress Hill),Feeding Hong Kong,0,2,1,1,1,0,0,a0N0I00001DHJOY
OC-029014,Active,375.75,Children and youth; Elderly; Hunger & homelessness,Hunger & Homelessness ????????????,Youth Opportunity: Collect Bread for Redistribution (Fortress Hill),Feeding Hong Kong,0,2,1,1,1,0,0,a0N0I00001DHJOY
OC-029019,Active,375.75,Children and youth; Elderly; Hunger & homelessness,Hunger & Homelessness ????????????,Youth Opportunity: Collect Bread for Redistribution (Fortress Hill),Feeding Hong Kong,0,2,1,0,2,0,0,a0N0I00001DHJOY
OC-028772,Active,38,Children and youth,Education and Empowerment for Children and Youth ????????????,Serve-A-Thon: Help Ethnic Minority Children with homework in Jordan,Christian Action Ethnic Minority Centre,0,4,1,4,0,4,8,a0N0I00001DHtmk
OC-029107,Active,381,Children and youth; People with disabilities,Education and Empowerment for Children and Youth ????????????,Help Students with Intellectual Disabilities at Job-related Online Training,"Anita L. L. Chan(Centenary) School, To Kwa Wan",0,4,1,0,4,0,0,a0N0I00001DIjoc
OC-029108,Active,381,Children and youth; People with disabilities,Education and Empowerment for Children and Youth ????????????,Help Students with Intellectual Disabilities at Job-related Online Training,"Anita L. L. Chan(Centenary) School, To Kwa Wan",0,4,1,0,4,0,0,a0N0I00001DIjoc
OC-028450,Active,285.5,Environmental education; Women,Environmental Conservation ????,Serve-A-Thon: Let's Hike and Clean Up HK Trails (Family Welcome),Wilson Trail Sec.3,0,20,1,14,6,12,36,a0N0I00001FEy8I
OC-028423,Active,68,Integrated,Hunger & Homelessness ????????????,Serve-A-Thon: Deliver Daily Necessities to Homeless in TKT (Family Welcome),"ImpactHK, Tai Kok Tsui",0,3,1,4,-1,4,8,a0N0I00001FEyO2
OC-028424,Active,68,Integrated,Hunger & Homelessness ????????????,Serve-A-Thon: Deliver Daily Necessities to Homeless in TKT (Family Welcome),"ImpactHK, Tai Kok Tsui",0,3,1,4,-1,4,8,a0N0I00001FEyO2
OC-028698,Active,1328,Hunger & homelessness,Hunger & Homelessness ????????????,Family Opportunity: Deliver Daily Necessities to Homeless People in Tai Kok Tsui,"ImpactHK, Tai Kok Tsui",0,6,1,6,0,6,12,a0N0I00001FEySl
OC-028699,Active,1328,Hunger & homelessness,Hunger & Homelessness ????????????,Family Opportunity: Deliver Daily Necessities to Homeless People in Tai Kok Tsui,"ImpactHK, Tai Kok Tsui",0,6,1,5,1,0,0,a0N0I00001FEySl
OC-028700,Active,1328,Hunger & homelessness,Hunger & Homelessness ????????????,Family Opportunity: Deliver Daily Necessities to Homeless People in Tai Kok Tsui,"ImpactHK, Tai Kok Tsui",0,6,1,6,0,0,0,a0N0I00001FEySl
OC-028701,Active,1328,Hunger & homelessness,Hunger & Homelessness ????????????,Family Opportunity: Deliver Daily Necessities to Homeless People in Tai Kok Tsui,"ImpactHK, Tai Kok Tsui",0,6,1,5,1,0,0,a0N0I00001FEySl
OC-028481,Active,1328,Hunger & homelessness,Hunger & Homelessness ????????????,Family Opportunity: Deliver Daily Necessities to Homeless People in Tai Kok Tsui,"ImpactHK, Tai Kok Tsui",0,3,1,4,-1,4,8,a0N0I00001FEySl
OC-028482,Active,1328,Hunger & homelessness,Hunger & Homelessness ????????????,Family Opportunity: Deliver Daily Necessities to Homeless People in Tai Kok Tsui,"ImpactHK, Tai Kok Tsui",0,3,1,4,-1,4,8,a0N0I00001FEySl
OC-028674,Active,948,Hunger & homelessness,Hunger & Homelessness ????????????,Youth Opportunity: Deliver Necessities and Warmth to Homeless in Mong Kok,"ImpactHK, Tai Kok Tsui",0,5,1,5,0,0,0,a0N0I00001FEyWn
OC-028671,Active,948,Hunger & homelessness,Hunger & Homelessness ????????????,Youth Opportunity: Deliver Necessities and Warmth to Homeless in Mong Kok,"ImpactHK, Tai Kok Tsui",0,5,1,6,-1,0,0,a0N0I00001FEyWn
OC-028672,Canceled,948,Hunger & homelessness,Hunger & Homelessness ????????????,Youth Opportunity: Deliver Necessities and Warmth to Homeless in Mong Kok,"ImpactHK, Tai Kok Tsui",0,3,1,3,0,0,0,a0N0I00001FEyWn
OC-028673,Active,948,Hunger & homelessness,Hunger & Homelessness ????????????,Youth Opportunity: Deliver Necessities and Warmth to Homeless in Mong Kok,"ImpactHK, Tai Kok Tsui",0,5,1,5,0,0,0,a0N0I00001FEyWn
OC-028485,Active,948,Hunger & homelessness,Hunger & Homelessness ????????????,Youth Opportunity: Deliver Necessities and Warmth to Homeless in Mong Kok,"ImpactHK, TST",0,3,1,3,0,3,6,a0N0I00001FEyWn
OC-028486,Active,948,Hunger & homelessness,Hunger & Homelessness ????????????,Youth Opportunity: Deliver Necessities and Warmth to Homeless in Mong Kok,"ImpactHK, Tai Kok Tsui",0,3,1,5,-2,5,10,a0N0I00001FEyWn
OC-028487,Active,948,Hunger & homelessness,Hunger & Homelessness ????????????,Youth Opportunity: Deliver Necessities and Warmth to Homeless in Mong Kok,"ImpactHK, Tai Kok Tsui",0,3,1,4,-1,4,8,a0N0I00001FEyWn
OC-028489,Active,948,Hunger & homelessness,Hunger & Homelessness ????????????,Youth Opportunity: Deliver Necessities and Warmth to Homeless in Mong Kok,"ImpactHK, Tai Kok Tsui",0,5,1,6,-1,6,12,a0N0I00001FEyWn
OC-028681,Active,1417,Hunger & homelessness,Hunger & Homelessness ????????????,Youth Opportunity: Deliver Daily Necessities and Warmth to Homeless in CWB,"ImpactHK, Morrison Hill",0,4,1,4,0,0,0,a0N0I00001FEyiy
OC-028682,Active,1417,Hunger & homelessness,Hunger & Homelessness ????????????,Youth Opportunity: Deliver Daily Necessities and Warmth to Homeless in CWB,"ImpactHK, Morrison Hill",0,4,1,4,0,0,0,a0N0I00001FEyiy
OC-028683,Active,1417,Hunger & homelessness,Hunger & Homelessness ????????????,Youth Opportunity: Deliver Daily Necessities and Warmth to Homeless in CWB,"ImpactHK, Morrison Hill",0,4,1,4,0,0,0,a0N0I00001FEyiy
OC-028680,Active,1417,Hunger & homelessness,Hunger & Homelessness ????????????,Youth Opportunity: Deliver Daily Necessities and Warmth to Homeless in CWB,"ImpactHK, Morrison Hill",0,4,1,4,0,0,0,a0N0I00001FEyiy
OC-028495,Active,1417,Hunger & homelessness,Hunger & Homelessness ????????????,Youth Opportunity: Deliver Daily Necessities and Warmth to Homeless in CWB,"ImpactHK, Morrison Hill",0,3,1,3,0,3,4.5,a0N0I00001FEyiy
OC-028496,Active,1417,Hunger & homelessness,Hunger & Homelessness ????????????,Youth Opportunity: Deliver Daily Necessities and Warmth to Homeless in CWB,"ImpactHK, Morrison Hill",0,3,1,3,0,3,4.5,a0N0I00001FEyiy
OC-028497,Active,1417,Hunger & homelessness,Hunger & Homelessness ????????????,Youth Opportunity: Deliver Daily Necessities and Warmth to Homeless in CWB,"ImpactHK, Morrison Hill",0,3,1,3,0,3,4.5,a0N0I00001FEyiy
OC-028662,Active,1364,Hunger & homelessness,Hunger & Homelessness ????????????,Youth Opportunity: Deliver Necessities and Warmth to Homeless in Fortress Hill,"ImpactHK, Fortress Hill",0,7,1,8,-1,0,0,a0N0I00001FEyrl
OC-028663,Active,1364,Hunger & homelessness,Hunger & Homelessness ????????????,Youth Opportunity: Deliver Necessities and Warmth to Homeless in Fortress Hill,"ImpactHK, Fortress Hill",0,7,1,7,0,0,0,a0N0I00001FEyrl
OC-028664,Active,1364,Hunger & homelessness,Hunger & Homelessness ????????????,Youth Opportunity: Deliver Necessities and Warmth to Homeless in Fortress Hill,"ImpactHK, Fortress Hill",0,7,1,7,0,0,0,a0N0I00001FEyrl
OC-028665,Active,1364,Hunger & homelessness,Hunger & Homelessness ????????????,Youth Opportunity: Deliver Necessities and Warmth to Homeless in Fortress Hill,"ImpactHK, Fortress Hill",0,7,1,7,0,0,0,a0N0I00001FEyrl
OC-028667,Active,1364,Hunger & homelessness,Hunger & Homelessness ????????????,Youth Opportunity: Deliver Necessities and Warmth to Homeless in Fortress Hill,"ImpactHK, Fortress Hill",0,7,1,9,-2,0,0,a0N0I00001FEyrl
OC-028668,Active,1364,Hunger & homelessness,Hunger & Homelessness ????????????,Youth Opportunity: Deliver Necessities and Warmth to Homeless in Fortress Hill,"ImpactHK, Fortress Hill",0,7,1,7,0,0,0,a0N0I00001FEyrl
OC-028669,Active,1364,Hunger & homelessness,Hunger & Homelessness ????????????,Youth Opportunity: Deliver Necessities and Warmth to Homeless in Fortress Hill,"ImpactHK, Fortress Hill",0,7,1,7,0,0,0,a0N0I00001FEyrl
OC-028670,Active,1364,Hunger & homelessness,Hunger & Homelessness ????????????,Youth Opportunity: Deliver Necessities and Warmth to Homeless in Fortress Hill,"ImpactHK, Fortress Hill",0,7,1,7,0,0,0,a0N0I00001FEyrl
OC-028504,Active,1364,Hunger & homelessness,Hunger & Homelessness ????????????,Youth Opportunity: Deliver Necessities and Warmth to Homeless in Fortress Hill,"ImpactHK, Fortress Hill",0,3,1,6,-3,6,12,a0N0I00001FEyrl
OC-028505,Active,1364,Hunger & homelessness,Hunger & Homelessness ????????????,Youth Opportunity: Deliver Necessities and Warmth to Homeless in Fortress Hill,"ImpactHK, Fortress Hill",0,3,1,5,-2,5,10,a0N0I00001FEyrl
OC-028506,Active,1364,Hunger & homelessness,Hunger & Homelessness ????????????,Youth Opportunity: Deliver Necessities and Warmth to Homeless in Fortress Hill,"ImpactHK, Fortress Hill",0,3,1,6,-3,6,12,a0N0I00001FEyrl
OC-028499,Active,1364,Hunger & homelessness,Hunger & Homelessness ????????????,Youth Opportunity: Deliver Necessities and Warmth to Homeless in Fortress Hill,"ImpactHK, Fortress Hill",0,3,1,4,-1,4,4,a0N0I00001FEyrl
OC-028500,Active,1364,Hunger & homelessness,Hunger & Homelessness ????????????,Youth Opportunity: Deliver Necessities and Warmth to Homeless in Fortress Hill,"ImpactHK, Fortress Hill",0,3,1,3,0,3,3,a0N0I00001FEyrl
OC-028501,Active,1364,Hunger & homelessness,Hunger & Homelessness ????????????,Youth Opportunity: Deliver Necessities and Warmth to Homeless in Fortress Hill,"ImpactHK, Fortress Hill",0,3,1,3,0,3,3,a0N0I00001FEyrl
OC-028503,Active,1364,Hunger & homelessness,Hunger & Homelessness ????????????,Youth Opportunity: Deliver Necessities and Warmth to Homeless in Fortress Hill,"ImpactHK, Fortress Hill",0,7,1,7,0,7,7,a0N0I00001FEyrl
OC-028693,Active,1361,Hunger & homelessness,Hunger & Homelessness ????????????,Family Opportunity: Deliver Daily Necessities and Warmth to Homeless in YMT,"ImpactHK, Jordan",0,7,1,6,1,6,9,a0N0I00001FGyCi
OC-028694,Active,1361,Hunger & homelessness,Hunger & Homelessness ????????????,Family Opportunity: Deliver Daily Necessities and Warmth to Homeless in YMT,"ImpactHK, Jordan",0,7,1,7,0,0,0,a0N0I00001FGyCi
OC-028695,Active,1361,Hunger & homelessness,Hunger & Homelessness ????????????,Family Opportunity: Deliver Daily Necessities and Warmth to Homeless in YMT,"ImpactHK, Jordan",0,7,1,6,1,0,0,a0N0I00001FGyCi
OC-028696,Active,1361,Hunger & homelessness,Hunger & Homelessness ????????????,Family Opportunity: Deliver Daily Necessities and Warmth to Homeless in YMT,"ImpactHK, Jordan",0,7,1,5,2,0,0,a0N0I00001FGyCi
OC-028508,Active,1361,Hunger & homelessness,Hunger & Homelessness ????????????,Family Opportunity: Deliver Daily Necessities and Warmth to Homeless in YMT,"ImpactHK, Jordan",0,3,1,5,-2,5,7.5,a0N0I00001FGyCi
OC-028509,Active,1361,Hunger & homelessness,Hunger & Homelessness ????????????,Family Opportunity: Deliver Daily Necessities and Warmth to Homeless in YMT,"ImpactHK, Jordan",0,3,1,4,-1,4,6,a0N0I00001FGyCi
OC-028640,Active,940.5,Hungers and homeless,Hunger & Homelessness ????????????,Youth Opportunity: Deliver Necessities and Warmth to Homeless in Tai Kok Tsui,"ImpactHK, Tai Kok Tsui",0,6,1,4,2,0,0,a0N0I00001OlGOd
OC-028641,Active,940.5,Hungers and homeless,Hunger & Homelessness ????????????,Youth Opportunity: Deliver Necessities and Warmth to Homeless in Tai Kok Tsui,"ImpactHK, Tai Kok Tsui",0,6,1,6,0,0,0,a0N0I00001OlGOd
OC-028642,Active,940.5,Hungers and homeless,Hunger & Homelessness ????????????,Youth Opportunity: Deliver Necessities and Warmth to Homeless in Tai Kok Tsui,"ImpactHK, Tai Kok Tsui",0,6,1,5,1,0,0,a0N0I00001OlGOd
OC-028643,Pending,940.5,Hungers and homeless,Hunger & Homelessness ????????????,Youth Opportunity: Deliver Necessities and Warmth to Homeless in Tai Kok Tsui,"ImpactHK, Tai Kok Tsui",0,3,1,0,3,0,0,a0N0I00001OlGOd
OC-028645,Active,940.5,Hungers and homeless,Hunger & Homelessness ????????????,Youth Opportunity: Deliver Necessities and Warmth to Homeless in Tai Kok Tsui,"ImpactHK, Tai Kok Tsui",0,6,1,7,-1,0,0,a0N0I00001OlGOd
OC-028646,Active,940.5,Hungers and homeless,Hunger & Homelessness ????????????,Youth Opportunity: Deliver Necessities and Warmth to Homeless in Tai Kok Tsui,"ImpactHK, Tai Kok Tsui",0,6,1,6,0,0,0,a0N0I00001OlGOd
OC-028647,Active,940.5,Hungers and homeless,Hunger & Homelessness ????????????,Youth Opportunity: Deliver Necessities and Warmth to Homeless in Tai Kok Tsui,"ImpactHK, Tai Kok Tsui",0,6,1,5,1,0,0,a0N0I00001OlGOd
OC-028648,Active,940.5,Hungers and homeless,Hunger & Homelessness ????????????,Youth Opportunity: Deliver Necessities and Warmth to Homeless in Tai Kok Tsui,"ImpactHK, Tai Kok Tsui",0,6,1,6,0,0,0,a0N0I00001OlGOd
OC-028514,Active,940.5,Hungers and homeless,Hunger & Homelessness ????????????,Youth Opportunity: Deliver Necessities and Warmth to Homeless in Tai Kok Tsui,"ImpactHK, TST",0,3,1,5,-2,5,10,a0N0I00001OlGOd
OC-028515,Active,940.5,Hungers and homeless,Hunger & Homelessness ????????????,Youth Opportunity: Deliver Necessities and Warmth to Homeless in Tai Kok Tsui,"ImpactHK, Tai Kok Tsui",0,3,1,4,-1,4,8,a0N0I00001OlGOd
OC-028516,Active,940.5,Hungers and homeless,Hunger & Homelessness ????????????,Youth Opportunity: Deliver Necessities and Warmth to Homeless in Tai Kok Tsui,"ImpactHK, Tai Kok Tsui",0,3,1,4,-1,4,8,a0N0I00001OlGOd
OC-028510,Active,940.5,Hungers and homeless,Hunger & Homelessness ????????????,Youth Opportunity: Deliver Necessities and Warmth to Homeless in Tai Kok Tsui,"ImpactHK, Tai Kok Tsui",0,3,1,4,-1,4,8,a0N0I00001OlGOd
OC-028511,Active,940.5,Hungers and homeless,Hunger & Homelessness ????????????,Youth Opportunity: Deliver Necessities and Warmth to Homeless in Tai Kok Tsui,"ImpactHK, Tai Kok Tsui",0,3,1,4,-1,4,8,a0N0I00001OlGOd
OC-028513,Active,940.5,Hungers and homeless,Hunger & Homelessness ????????????,Youth Opportunity: Deliver Necessities and Warmth to Homeless in Tai Kok Tsui,"ImpactHK, Tai Kok Tsui",0,6,1,4,2,4,8,a0N0I00001OlGOd
OC-028920,Active,168,Environmental education,Environmental Conservation ????,Family Opportunity: Help Out with Beach Cleaning in Sam Pak Wan,Sam Pak Wan Beach,0,15,1,13,2,0,0,a0N0I00001Oo3Ug
OC-028702,Canceled,335,Elderly,Assistance and Support for Elderly??????,Youth Opportunity: Help Out at Mobile Literacy Program with the Elderly,Sau Mau Ping Social Centre for the Elderly,0,10,1,2,8,0,0,a0N0I00001WI0J6
OC-028703,Canceled,335,Elderly,Assistance and Support for Elderly??????,Youth Opportunity: Help Out at Mobile Literacy Program with the Elderly,Sau Mau Ping Social Centre for the Elderly,0,10,1,10,0,0,0,a0N0I00001WI0J6
OC-028704,Canceled,335,Elderly,Assistance and Support for Elderly??????,Youth Opportunity: Help Out at Mobile Literacy Program with the Elderly,Sau Mau Ping Social Centre for the Elderly,0,10,1,3,7,0,0,a0N0I00001WI0J6
OC-028705,Canceled,335,Elderly,Assistance and Support for Elderly??????,Youth Opportunity: Help Out at Mobile Literacy Program with the Elderly,Sau Mau Ping Social Centre for the Elderly,0,4,1,4,0,0,0,a0N0I00001WI0J6
OC-028445,Active,30.25,Children and youth,Education and Empowerment for Children and Youth ????????????,Help and Be the Storyteller at Story Telling Corner with Children,virtual volunteering,0,1,1,1,0,1,2,a0N0I00001WJxwK
OC-028446,Active,30.25,Children and youth,Education and Empowerment for Children and Youth ????????????,Help and Be the Storyteller at Story Telling Corner with Children,virtual volunteering,0,1,1,1,0,1,2,a0N0I00001WJxwK
OC-028459,Canceled,1119,Hunger & homelessness,Hunger & Homelessness ????????????,Youth opportunity: Help at Food Station in Lai Chi Kok,Food Angel Lai Chi Kok,0,8,1,1,7,0,0,a0N0I00001aZYgC
OC-028460,Canceled,1119,Hunger & homelessness,Hunger & Homelessness ????????????,Youth opportunity: Help at Food Station in Lai Chi Kok,Food Angel Lai Chi Kok,0,8,1,2,6,0,0,a0N0I00001aZYgC
OC-028462,Canceled,1119,Hunger & homelessness,Hunger & Homelessness ????????????,Youth opportunity: Help at Food Station in Lai Chi Kok,Food Angel Lai Chi Kok,0,8,1,1,7,0,0,a0N0I00001aZYgC
OC-028463,Canceled,1119,Hunger & homelessness,Hunger & Homelessness ????????????,Youth opportunity: Help at Food Station in Lai Chi Kok,Food Angel Lai Chi Kok,0,8,1,5,3,0,0,a0N0I00001aZYgC
OC-028464,Canceled,1119,Hunger & homelessness,Hunger & Homelessness ????????????,Youth opportunity: Help at Food Station in Lai Chi Kok,Food Angel Lai Chi Kok,0,8,1,1,7,0,0,a0N0I00001aZYgC
OC-028465,Canceled,1119,Hunger & homelessness,Hunger & Homelessness ????????????,Youth opportunity: Help at Food Station in Lai Chi Kok,Food Angel Lai Chi Kok,0,8,1,1,7,0,0,a0N0I00001aZYgC
OC-028467,Canceled,1119,Hunger & homelessness,Hunger & Homelessness ????????????,Youth opportunity: Help at Food Station in Lai Chi Kok,Food Angel Lai Chi Kok,0,8,1,0,8,0,0,a0N0I00001aZYgC
OC-028468,Canceled,1119,Hunger & homelessness,Hunger & Homelessness ????????????,Youth opportunity: Help at Food Station in Lai Chi Kok,Food Angel Lai Chi Kok,0,8,1,2,6,0,0,a0N0I00001aZYgC
OC-028469,Canceled,1119,Hunger & homelessness,Hunger & Homelessness ????????????,Youth opportunity: Help at Food Station in Lai Chi Kok,Food Angel Lai Chi Kok,0,8,1,1,7,0,0,a0N0I00001aZYgC
OC-028470,Canceled,1119,Hunger & homelessness,Hunger & Homelessness ????????????,Youth opportunity: Help at Food Station in Lai Chi Kok,Food Angel Lai Chi Kok,0,8,1,1,7,0,0,a0N0I00001aZYgC
OC-028472,Canceled,1119,Hunger & homelessness,Hunger & Homelessness ????????????,Youth opportunity: Help at Food Station in Lai Chi Kok,Food Angel Lai Chi Kok,0,8,1,1,7,0,0,a0N0I00001aZYgC
OC-028473,Canceled,1119,Hunger & homelessness,Hunger & Homelessness ????????????,Youth opportunity: Help at Food Station in Lai Chi Kok,Food Angel Lai Chi Kok,0,8,1,3,5,0,0,a0N0I00001aZYgC
OC-028474,Canceled,1119,Hunger & homelessness,Hunger & Homelessness ????????????,Youth opportunity: Help at Food Station in Lai Chi Kok,Food Angel Lai Chi Kok,0,8,1,0,8,0,0,a0N0I00001aZYgC
OC-028475,Canceled,1119,Hunger & homelessness,Hunger & Homelessness ????????????,Youth opportunity: Help at Food Station in Lai Chi Kok,Food Angel Lai Chi Kok,0,8,1,0,8,0,0,a0N0I00001aZYgC
OC-028477,Canceled,1119,Hunger & homelessness,Hunger & Homelessness ????????????,Youth opportunity: Help at Food Station in Lai Chi Kok,Food Angel Lai Chi Kok,0,8,1,4,4,0,0,a0N0I00001aZYgC
OC-028478,Canceled,1119,Hunger & homelessness,Hunger & Homelessness ????????????,Youth opportunity: Help at Food Station in Lai Chi Kok,Food Angel Lai Chi Kok,0,8,1,0,8,0,0,a0N0I00001aZYgC
OC-028821,Active,1119,Hunger & homelessness,Hunger & Homelessness ????????????,Youth opportunity: Help at Food Station in Lai Chi Kok,Food Angel Lai Chi Kok,0,4,1,2,2,0,0,a0N0I00001aZYgC
OC-028822,Active,1119,Hunger & homelessness,Hunger & Homelessness ????????????,Youth opportunity: Help at Food Station in Lai Chi Kok,Food Angel Lai Chi Kok,0,4,1,0,4,0,0,a0N0I00001aZYgC
OC-028824,Active,1119,Hunger & homelessness,Hunger & Homelessness ????????????,Youth opportunity: Help at Food Station in Lai Chi Kok,Food Angel Lai Chi Kok,0,4,1,1,3,0,0,a0N0I00001aZYgC
OC-028825,Active,1119,Hunger & homelessness,Hunger & Homelessness ????????????,Youth opportunity: Help at Food Station in Lai Chi Kok,Food Angel Lai Chi Kok,0,4,1,2,2,0,0,a0N0I00001aZYgC
OC-028820,Active,1119,Hunger & homelessness,Hunger & Homelessness ????????????,Youth opportunity: Help at Food Station in Lai Chi Kok,Food Angel Lai Chi Kok,0,4,1,0,4,0,0,a0N0I00001aZYgC
OC-028827,Active,1119,Hunger & homelessness,Hunger & Homelessness ????????????,Youth opportunity: Help at Food Station in Lai Chi Kok,Food Angel Lai Chi Kok,0,4,1,3,1,0,0,a0N0I00001aZYgC
OC-028828,Active,1119,Hunger & homelessness,Hunger & Homelessness ????????????,Youth opportunity: Help at Food Station in Lai Chi Kok,Food Angel Lai Chi Kok,0,4,1,0,4,0,0,a0N0I00001aZYgC
OC-028829,Active,1119,Hunger & homelessness,Hunger & Homelessness ????????????,Youth opportunity: Help at Food Station in Lai Chi Kok,Food Angel Lai Chi Kok,0,4,1,0,4,0,0,a0N0I00001aZYgC
OC-028826,Active,1119,Hunger & homelessness,Hunger & Homelessness ????????????,Youth opportunity: Help at Food Station in Lai Chi Kok,Food Angel Lai Chi Kok,0,4,1,1,3,0,0,a0N0I00001aZYgC
OC-028830,Active,1119,Hunger & homelessness,Hunger & Homelessness ????????????,Youth opportunity: Help at Food Station in Lai Chi Kok,Food Angel Lai Chi Kok,0,4,1,0,4,0,0,a0N0I00001aZYgC
OC-028831,Active,1119,Hunger & homelessness,Hunger & Homelessness ????????????,Youth opportunity: Help at Food Station in Lai Chi Kok,Food Angel Lai Chi Kok,0,4,1,0,4,0,0,a0N0I00001aZYgC
OC-028834,Active,1119,Hunger & homelessness,Hunger & Homelessness ????????????,Youth opportunity: Help at Food Station in Lai Chi Kok,Food Angel Lai Chi Kok,0,4,1,0,4,0,0,a0N0I00001aZYgC
OC-028835,Active,1119,Hunger & homelessness,Hunger & Homelessness ????????????,Youth opportunity: Help at Food Station in Lai Chi Kok,Food Angel Lai Chi Kok,0,4,1,0,4,0,0,a0N0I00001aZYgC
OC-028836,Active,1119,Hunger & homelessness,Hunger & Homelessness ????????????,Youth opportunity: Help at Food Station in Lai Chi Kok,Food Angel Lai Chi Kok,0,4,1,1,3,0,0,a0N0I00001aZYgC
OC-028837,Active,1119,Hunger & homelessness,Hunger & Homelessness ????????????,Youth opportunity: Help at Food Station in Lai Chi Kok,Food Angel Lai Chi Kok,0,4,1,1,3,0,0,a0N0I00001aZYgC
OC-028832,Active,1119,Hunger & homelessness,Hunger & Homelessness ????????????,Youth opportunity: Help at Food Station in Lai Chi Kok,Food Angel Lai Chi Kok,0,4,1,2,2,0,0,a0N0I00001aZYgC
OC-028838,Active,1119,Hunger & homelessness,Hunger & Homelessness ????????????,Youth opportunity: Help at Food Station in Lai Chi Kok,Food Angel Lai Chi Kok,0,4,1,0,4,0,0,a0N0I00001aZYgC
OC-028839,Active,1119,Hunger & homelessness,Hunger & Homelessness ????????????,Youth opportunity: Help at Food Station in Lai Chi Kok,Food Angel Lai Chi Kok,0,4,1,0,4,0,0,a0N0I00001aZYgC
OC-028833,Active,1119,Hunger & homelessness,Hunger & Homelessness ????????????,Youth opportunity: Help at Food Station in Lai Chi Kok,Food Angel Lai Chi Kok,0,4,1,0,4,0,0,a0N0I00001aZYgC
OC-028435,Canceled,33,Hunger & homelessness,Hunger & Homelessness ????????????,Serve-A-Thon: Help at Food Station in Lai Chi Kok (Youth Welcome),Food Angel Lai Chi Kok,0,8,1,3,5,0,0,a0N0I00001aaM4m
OC-028436,Canceled,33,Hunger & homelessness,Hunger & Homelessness ????????????,Serve-A-Thon: Help at Food Station in Lai Chi Kok (Youth Welcome),Food Angel Lai Chi Kok,0,8,1,1,7,0,0,a0N0I00001aaM4m
OC-028437,Canceled,33,Hunger & homelessness,Hunger & Homelessness ????????????,Serve-A-Thon: Help at Food Station in Lai Chi Kok (Youth Welcome),Food Angel Lai Chi Kok,0,8,1,2,6,0,0,a0N0I00001aaM4m
OC-028438,Canceled,33,Hunger & homelessness,Hunger & Homelessness ????????????,Serve-A-Thon: Help at Food Station in Lai Chi Kok (Youth Welcome),Food Angel Lai Chi Kok,0,8,1,2,6,0,0,a0N0I00001aaM4m
OC-028439,Canceled,33,Hunger & homelessness,Hunger & Homelessness ????????????,Serve-A-Thon: Help at Food Station in Lai Chi Kok (Youth Welcome),Food Angel Lai Chi Kok,0,8,1,4,4,0,0,a0N0I00001aaM4m
OC-028675,Active,279,Hunger & homelessness,Hunger & Homelessness ????????????,Youth Opportunity: Deliver Necessities and Warmth to Homeless in Wan Chai,"ImpactHK, Wan Chai",0,4,1,3,1,3,3,a0N0I00001aawZM
OC-028676,Active,279,Hunger & homelessness,Hunger & Homelessness ????????????,Youth Opportunity: Deliver Necessities and Warmth to Homeless in Wan Chai,"ImpactHK, Wan Chai",0,4,1,4,0,0,0,a0N0I00001aawZM
OC-028677,Active,279,Hunger & homelessness,Hunger & Homelessness ????????????,Youth Opportunity: Deliver Necessities and Warmth to Homeless in Wan Chai,"ImpactHK, Wan Chai",0,4,1,5,-1,0,0,a0N0I00001aawZM
OC-028678,Active,279,Hunger & homelessness,Hunger & Homelessness ????????????,Youth Opportunity: Deliver Necessities and Warmth to Homeless in Wan Chai,"ImpactHK, Wan Chai",0,4,1,3,1,0,0,a0N0I00001aawZM
OC-028518,Active,279,Hunger & homelessness,Hunger & Homelessness ????????????,Youth Opportunity: Deliver Necessities and Warmth to Homeless in Wan Chai,"ImpactHK, Wan Chai",0,3,1,4,-1,4,4,a0N0I00001aawZM
OC-028519,Active,279,Hunger & homelessness,Hunger & Homelessness ????????????,Youth Opportunity: Deliver Necessities and Warmth to Homeless in Wan Chai,"ImpactHK, Wan Chai",0,3,1,5,-2,5,5,a0N0I00001aawZM
OC-028520,Active,279,Hunger & homelessness,Hunger & Homelessness ????????????,Youth Opportunity: Deliver Necessities and Warmth to Homeless in Wan Chai,"ImpactHK, Wan Chai",0,3,1,4,-1,4,4,a0N0I00001aawZM
OC-028522,Active,279,Hunger & homelessness,Hunger & Homelessness ????????????,Youth Opportunity: Deliver Necessities and Warmth to Homeless in Wan Chai,"ImpactHK, Wan Chai",0,4,1,2,2,2,2,a0N0I00001aawZM
OC-028429,Active,6,Hunger & homelessness,Hunger & Homelessness ????????????,Serve-A-Thon: Deliver Necessities to Homeless in Mong Kok (Youth Welcome),"ImpactHK, Tai Kok Tsui",0,3,1,3,0,3,6,a0N0I00001ab6ZZ
OC-028420,Active,19.5,Hunger & homelessness,Hunger & Homelessness ????????????,Serve-A-Thon: Deliver Daily Necessities to Homeless in CWB (Youth Welcome),"ImpactHK, Morrison Hill",0,3,1,4,-1,3,4.5,a0N0I00001ab6a3
OC-028421,Active,22,Hunger & homelessness,Hunger & Homelessness ????????????,Serve-A-Thon: Deliver Necessities to Homeless in Fortress Hill (Youth Welcome),"ImpactHK, Fortress Hill",0,3,1,4,-1,4,4,a0N0I00001ab6aP
OC-028422,Active,22,Hunger & homelessness,Hunger & Homelessness ????????????,Serve-A-Thon: Deliver Necessities to Homeless in Fortress Hill (Youth Welcome),"ImpactHK, Fortress Hill",0,3,1,5,-2,5,10,a0N0I00001ab6aP
OC-028426,Active,44.5,Hunger & homelessness,Hunger & Homelessness ????????????,Serve-A-Thon: Deliver Warmth to Homeless in YMT(Family Welcome),"ImpactHK, Jordan",0,3,1,4,-1,4,6,a0N0I00001ab6ae
OC-028425,Active,44.5,Hunger & homelessness,Hunger & Homelessness ????????????,Serve-A-Thon: Deliver Warmth to Homeless in YMT(Family Welcome),"ImpactHK, Jordan",0,3,1,3,0,3,4.5,a0N0I00001ab6ae
OC-028430,Active,21.5,Hunger & homelessness,Hunger & Homelessness ????????????,Serve-A-Thon: Deliver Necessities to Homeless in Tai Kok Tsui (Youth Welcome),"ImpactHK, Tai Kok Tsui",0,3,1,3,0,3,6,a0N0I00001ab6at
OC-028431,Active,21.5,Hunger & homelessness,Hunger & Homelessness ????????????,Serve-A-Thon: Deliver Necessities to Homeless in Tai Kok Tsui (Youth Welcome),"ImpactHK, Tai Kok Tsui",0,3,1,4,-1,4,8,a0N0I00001ab6at
OC-028434,Active,24,Hunger & homelessness,Hunger & Homelessness ????????????,Serve-A-Thon: Deliver Necessities to Homeless in YMT(Youth Welcome),"ImpactHK, Jordan",0,3,1,4,-1,4,8,a0N0I00001ab6b3
OC-028432,Active,6,Hunger & homelessness,Hunger & Homelessness ????????????,Serve-A-Thon: Deliver Necessities to Homeless in Wan Chai (Youth Welcome),"ImpactHK, Wan Chai",0,3,1,3,0,3,3,a0N0I00001ab6b8
OC-028996,Active,21,Children and youth; People with disabilities,Education and Empowerment for Children and Youth ????????????,Help at Play Group with Students with Physical Disabilities,Hong Kong Red Cross John F. Kennedy Centre,0,2,1,2,0,0,0,a0N0I00001jScbJ
OC-028585,Active,2781,Children and youth; Environmental education,Environmental Conservation ????,Family Opportunity: Soap Recycling,Soap Cycling,0,30,1,17,13,16,32,a0N2800000NQQC7
OC-028586,Active,2781,Children and youth; Environmental education,Environmental Conservation ????,Family Opportunity: Soap Recycling,Soap Cycling,0,30,1,29,1,28,56,a0N2800000NQQC7
OC-028803,Active,2781,Children and youth; Environmental education,Environmental Conservation ????,Family Opportunity: Soap Recycling,Soap Cycling,0,30,1,20,10,18,36,a0N2800000NQQC7
OC-028804,Active,2781,Children and youth; Environmental education,Environmental Conservation ????,Family Opportunity: Soap Recycling,Soap Cycling,0,30,1,14,16,0,0,a0N2800000NQQC7
OC-028806,Canceled,2781,Children and youth; Environmental education,Environmental Conservation ????,Family Opportunity: Soap Recycling,Soap Cycling,0,30,1,5,25,0,0,a0N2800000NQQC7
OC-028583,Active,2781,Children and youth; Environmental education,Environmental Conservation ????,Family Opportunity: Soap Recycling,Soap Cycling,0,30,1,19,11,18,36,a0N2800000NQQC7
OC-028584,Active,2781,Children and youth; Environmental education,Environmental Conservation ????,Family Opportunity: Soap Recycling,Soap Cycling,0,30,1,30,0,28,56,a0N2800000NQQC7
OC-028807,Active,2781,Children and youth; Environmental education,Environmental Conservation ????,Family Opportunity: Soap Recycling,Soap Cycling,0,30,1,19,11,19,38,a0N2800000NQQC7
OC-028808,Active,2781,Children and youth; Environmental education,Environmental Conservation ????,Family Opportunity: Soap Recycling,Soap Cycling,0,30,1,13,17,0,0,a0N2800000NQQC7
OC-028809,Active,2781,Children and youth; Environmental education,Environmental Conservation ????,Family Opportunity: Soap Recycling,Soap Cycling,0,30,1,11,19,0,0,a0N2800000NQQC7
OC-028810,Active,2781,Children and youth; Environmental education,Environmental Conservation ????,Family Opportunity: Soap Recycling,Soap Cycling,0,30,1,3,27,0,0,a0N2800000NQQC7
OC-028767,Active,705,Children and youth; Ethnic minorities,Education and Empowerment for Children and Youth ????????????,Help Ethnic Minority Children with Homework in Jordan,Christian Action Ethnic Minority Centre,0,4,1,4,0,2,4,a0N2800000NRa4N
OC-028768,Active,705,Children and youth; Ethnic minorities,Education and Empowerment for Children and Youth ????????????,Help Ethnic Minority Children with Homework in Jordan,Christian Action Ethnic Minority Centre,0,4,1,4,0,0,0,a0N2800000NRa4N
OC-028769,Active,705,Children and youth; Ethnic minorities,Education and Empowerment for Children and Youth ????????????,Help Ethnic Minority Children with Homework in Jordan,Christian Action Ethnic Minority Centre,0,4,1,4,0,0,0,a0N2800000NRa4N
OC-028770,Active,705,Children and youth; Ethnic minorities,Education and Empowerment for Children and Youth ????????????,Help Ethnic Minority Children with Homework in Jordan,Christian Action Ethnic Minority Centre,0,4,1,4,0,0,0,a0N2800000NRa4N
OC-028912,Active,856.28,Children and youth; People with disabilities,Education and Empowerment for Children and Youth ????????????,Help Hearing-Impaired Children with Schoolwork in To Kwa Wan,Hong Kong Society for The Deaf,0,3,1,2,1,0,0,a0N2800000NSCf0
OC-028913,Active,856.28,Children and youth; People with disabilities,Education and Empowerment for Children and Youth ????????????,Help Hearing-Impaired Children with Schoolwork in To Kwa Wan,Hong Kong Society for The Deaf,0,3,1,2,1,0,0,a0N2800000NSCf0
OC-028914,Active,856.28,Children and youth; People with disabilities,Education and Empowerment for Children and Youth ????????????,Help Hearing-Impaired Children with Schoolwork in To Kwa Wan,Hong Kong Society for The Deaf,0,3,1,1,2,0,0,a0N2800000NSCf0
OC-028916,Active,856.28,Children and youth; People with disabilities,Education and Empowerment for Children and Youth ????????????,Help Hearing-Impaired Children with Schoolwork in To Kwa Wan,Hong Kong Society for The Deaf,0,4,1,4,0,0,0,a0N2800000NSCf0
OC-028917,Active,856.28,Children and youth; People with disabilities,Education and Empowerment for Children and Youth ????????????,Help Hearing-Impaired Children with Schoolwork in To Kwa Wan,Hong Kong Society for The Deaf,0,4,1,1,3,0,0,a0N2800000NSCf0
OC-028918,Active,856.28,Children and youth; People with disabilities,Education and Empowerment for Children and Youth ????????????,Help Hearing-Impaired Children with Schoolwork in To Kwa Wan,Hong Kong Society for The Deaf,0,4,1,3,1,0,0,a0N2800000NSCf0
OC-028655,Active,3146,Hunger & homelessness,Hunger & Homelessness ????????????,Youth Opportunity: Deliver Necessities and Warmth to Homeless in Sham Shui Po,"ImpactHK, Place2be",0,8,1,8,0,0,0,a0N28000016YgaY
OC-028656,Active,3146,Hunger & homelessness,Hunger & Homelessness ????????????,Youth Opportunity: Deliver Necessities and Warmth to Homeless in Sham Shui Po,"ImpactHK, Place2be",0,8,1,5,3,0,0,a0N28000016YgaY
OC-028657,Active,3146,Hunger & homelessness,Hunger & Homelessness ????????????,Youth Opportunity: Deliver Necessities and Warmth to Homeless in Sham Shui Po,"ImpactHK, Place2be",0,8,1,5,3,0,0,a0N28000016YgaY
OC-028654,Active,3146,Hunger & homelessness,Hunger & Homelessness ????????????,Youth Opportunity: Deliver Necessities and Warmth to Homeless in Sham Shui Po,"ImpactHK, Place2be",0,8,1,6,2,0,0,a0N28000016YgaY
OC-028649,Active,3146,Hunger & homelessness,Hunger & Homelessness ????????????,Youth Opportunity: Deliver Necessities and Warmth to Homeless in Sham Shui Po,"ImpactHK, Place2be",0,8,1,4,4,0,0,a0N28000016YgaY
OC-028650,Active,3146,Hunger & homelessness,Hunger & Homelessness ????????????,Youth Opportunity: Deliver Necessities and Warmth to Homeless in Sham Shui Po,"ImpactHK, Place2be",0,8,1,8,0,0,0,a0N28000016YgaY
OC-028651,Active,3146,Hunger & homelessness,Hunger & Homelessness ????????????,Youth Opportunity: Deliver Necessities and Warmth to Homeless in Sham Shui Po,"ImpactHK, Place2be",0,8,1,8,0,0,0,a0N28000016YgaY
OC-028652,Active,3146,Hunger & homelessness,Hunger & Homelessness ????????????,Youth Opportunity: Deliver Necessities and Warmth to Homeless in Sham Shui Po,"ImpactHK, Place2be",0,8,1,7,1,0,0,a0N28000016YgaY
OC-028523,Active,3146,Hunger & homelessness,Hunger & Homelessness ????????????,Youth Opportunity: Deliver Necessities and Warmth to Homeless in Sham Shui Po,"ImpactHK, Place2be",0,3,1,6,-3,6,12,a0N28000016YgaY
OC-028524,Active,3146,Hunger & homelessness,Hunger & Homelessness ????????????,Youth Opportunity: Deliver Necessities and Warmth to Homeless in Sham Shui Po,"ImpactHK, Place2be",0,3,1,6,-3,6,12,a0N28000016YgaY
OC-028525,Active,3146,Hunger & homelessness,Hunger & Homelessness ????????????,Youth Opportunity: Deliver Necessities and Warmth to Homeless in Sham Shui Po,"ImpactHK, Place2be",0,3,1,5,-2,5,10,a0N28000016YgaY
OC-028527,Active,3146,Hunger & homelessness,Hunger & Homelessness ????????????,Youth Opportunity: Deliver Necessities and Warmth to Homeless in Sham Shui Po,"ImpactHK, Place2be",0,8,1,8,0,8,16,a0N28000016YgaY
OC-028528,Active,3146,Hunger & homelessness,Hunger & Homelessness ????????????,Youth Opportunity: Deliver Necessities and Warmth to Homeless in Sham Shui Po,"ImpactHK, Place2be",0,3,1,6,-3,5,10,a0N28000016YgaY
OC-028529,Active,3146,Hunger & homelessness,Hunger & Homelessness ????????????,Youth Opportunity: Deliver Necessities and Warmth to Homeless in Sham Shui Po,"ImpactHK, Place2be",0,3,1,6,-3,5,10,a0N28000016YgaY
OC-028530,Active,3146,Hunger & homelessness,Hunger & Homelessness ????????????,Youth Opportunity: Deliver Necessities and Warmth to Homeless in Sham Shui Po,"ImpactHK, Place2be",0,3,1,5,-2,4,8,a0N28000016YgaY
OC-028571,Active,12,Hunger & homelessness,Hunger & Homelessness ????????????,Youth Opportunity: Deliver Necessities and Warmth to Homeless in Tsim Sha Tsui,"ImpactHK, TST",0,3,1,2,1,2,3,a0N2y000000SZHw
OC-028573,Active,12,Hunger & homelessness,Hunger & Homelessness ????????????,Youth Opportunity: Deliver Necessities and Warmth to Homeless in Tsim Sha Tsui,"ImpactHK, TST",0,7,1,4,3,4,6,a0N2y000000SZHw
OC-028574,Active,12,Hunger & homelessness,Hunger & Homelessness ????????????,Youth Opportunity: Deliver Necessities and Warmth to Homeless in Tsim Sha Tsui,"ImpactHK, TST",0,3,1,2,1,2,3,a0N2y000000SZHw
OC-028685,Active,12,Hunger & homelessness,Hunger & Homelessness ????????????,Youth Opportunity: Deliver Necessities and Warmth to Homeless in Tsim Sha Tsui,"ImpactHK, TST",0,7,1,6,1,0,0,a0N2y000000SZHw
OC-028686,Active,12,Hunger & homelessness,Hunger & Homelessness ????????????,Youth Opportunity: Deliver Necessities and Warmth to Homeless in Tsim Sha Tsui,"ImpactHK, TST",0,7,1,1,6,0,0,a0N2y000000SZHw
OC-028687,Active,12,Hunger & homelessness,Hunger & Homelessness ????????????,Youth Opportunity: Deliver Necessities and Warmth to Homeless in Tsim Sha Tsui,"ImpactHK, TST",0,7,1,2,5,0,0,a0N2y000000SZHw
OC-028689,Active,12,Hunger & homelessness,Hunger & Homelessness ????????????,Youth Opportunity: Deliver Necessities and Warmth to Homeless in Tsim Sha Tsui,"ImpactHK, TST",0,7,1,8,-1,0,0,a0N2y000000SZHw
OC-028691,Active,12,Hunger & homelessness,Hunger & Homelessness ????????????,Youth Opportunity: Deliver Necessities and Warmth to Homeless in Tsim Sha Tsui,"ImpactHK, TST",0,7,1,1,6,0,0,a0N2y000000SZHw
OC-028692,Active,12,Hunger & homelessness,Hunger & Homelessness ????????????,Youth Opportunity: Deliver Necessities and Warmth to Homeless in Tsim Sha Tsui,"ImpactHK, TST",0,7,1,1,6,0,0,a0N2y000000SZHw
OC-028690,Active,12,Hunger & homelessness,Hunger & Homelessness ????????????,Youth Opportunity: Deliver Necessities and Warmth to Homeless in Tsim Sha Tsui,"ImpactHK, TST",0,7,1,4,3,0,0,a0N2y000000SZHw
OC-028684,Active,12,Hunger & homelessness,Hunger & Homelessness ????????????,Youth Opportunity: Deliver Necessities and Warmth to Homeless in Tsim Sha Tsui,"ImpactHK, TST",0,7,1,5,2,0,0,a0N2y000000SZHw
OC-028553,Canceled,73.5,People with mental illness,Civic & Community,COVID-19 Relief: Home Deliveries for People with Mental Illness in Tseung Kwan O,"Christian Family Service, King Lam Estate",0,5,1,5,0,0,0,a0N2y000000SaoJ
OC-028546,Active,213,Elderly; People with illness,Assistance and Support for Elderly??????,Phone call support to 1 elderly individual [PRE-TRAINED VOLUNTEERS ONLY],"People Service Centre, VV",0,6,1,6,0,6,6,a0N2y000000Swr0
OC-028707,Active,213,Elderly; People with illness,Assistance and Support for Elderly??????,Phone call support to 1 elderly individual [PRE-TRAINED VOLUNTEERS ONLY],"People Service Centre, VV",0,5,1,4,1,4,4,a0N2y000000Swr0
OC-028708,Active,213,Elderly; People with illness,Assistance and Support for Elderly??????,Phone call support to 1 elderly individual [PRE-TRAINED VOLUNTEERS ONLY],"People Service Centre, VV",0,5,1,4,1,4,4,a0N2y000000Swr0
OC-028709,Active,213,Elderly; People with illness,Assistance and Support for Elderly??????,Phone call support to 1 elderly individual [PRE-TRAINED VOLUNTEERS ONLY],"People Service Centre, VV",0,5,1,4,1,4,4,a0N2y000000Swr0
OC-028710,Active,213,Elderly; People with illness,Assistance and Support for Elderly??????,Phone call support to 1 elderly individual [PRE-TRAINED VOLUNTEERS ONLY],"People Service Centre, VV",0,5,1,4,1,4,4,a0N2y000000Swr0
OC-028818,Active,17.5,Elderly,Assistance and Support for Elderly??????,COVID-19 Relief: Distributing Care Packages for isolating elderly in Tai Po,"Grace Light, Tai Po",0,8,1,3,5,0,0,a0N2y000000T7Zu
OC-028923,Active,17.5,Elderly,Assistance and Support for Elderly??????,COVID-19 Relief: Distributing Care Packages for isolating elderly in Tai Po,"Grace Light, Tai Po",0,8,1,2,6,0,0,a0N2y000000T7Zu
OC-028925,Canceled,17.5,Elderly,Assistance and Support for Elderly??????,COVID-19 Relief: Distributing Care Packages for isolating elderly in Tai Po,"Grace Light, Tai Po",0,8,1,0,8,0,0,a0N2y000000T7Zu
OC-029112,Pending,4,Children and youth,Education and Empowerment for Children and Youth ????????????,Pre-recorded virtual storytelling for hospitalized children (English),"Playright, Virtual Volunteering",0,30,1,0,30,0,0,a0N2y000000TLQG
OC-029113,Pending,6,Children and youth,Education and Empowerment for Children and Youth ????????????,Pre-recorded virtual storytelling for hospitalized children (Cantonese),"Playright, Virtual Volunteering",0,30,1,0,30,0,0,a0N2y000000TLSK
OC-028658,Active,211.5,Hunger & homelessness,Hunger & Homelessness ????????????,Youth Opportunity: Deliver Necessities and Warmth to Homeless in Kwun Tong,"ImpactHK, Kwun Tong",0,4,1,5,-1,0,0,a0N2y000000bpOU
OC-028659,Active,211.5,Hunger & homelessness,Hunger & Homelessness ????????????,Youth Opportunity: Deliver Necessities and Warmth to Homeless in Kwun Tong,"ImpactHK, Kwun Tong",0,4,1,4,0,0,0,a0N2y000000bpOU
OC-028660,Active,211.5,Hunger & homelessness,Hunger & Homelessness ????????????,Youth Opportunity: Deliver Necessities and Warmth to Homeless in Kwun Tong,"ImpactHK, Kwun Tong",0,4,1,3,1,0,0,a0N2y000000bpOU
OC-028661,Active,211.5,Hunger & homelessness,Hunger & Homelessness ????????????,Youth Opportunity: Deliver Necessities and Warmth to Homeless in Kwun Tong,"ImpactHK, Kwun Tong",0,4,1,0,4,0,0,a0N2y000000bpOU
OC-028532,Active,211.5,Hunger & homelessness,Hunger & Homelessness ????????????,Youth Opportunity: Deliver Necessities and Warmth to Homeless in Kwun Tong,"ImpactHK, Kwun Tong",0,3,1,3,0,3,4.5,a0N2y000000bpOU
OC-028533,Active,211.5,Hunger & homelessness,Hunger & Homelessness ????????????,Youth Opportunity: Deliver Necessities and Warmth to Homeless in Kwun Tong,"ImpactHK, Kwun Tong",0,3,1,3,0,3,4.5,a0N2y000000bpOU
OC-028534,Active,211.5,Hunger & homelessness,Hunger & Homelessness ????????????,Youth Opportunity: Deliver Necessities and Warmth to Homeless in Kwun Tong,"ImpactHK, Kwun Tong",0,3,1,2,1,2,3,a0N2y000000bpOU
OC-028536,Active,211.5,Hunger & homelessness,Hunger & Homelessness ????????????,Youth Opportunity: Deliver Necessities and Warmth to Homeless in Kwun Tong,"ImpactHK, Kwun Tong",0,4,1,4,0,4,6,a0N2y000000bpOU
OC-026866,Canceled,0,Environmental education,Environmental Conservation ????,2020 VF Purpose Day - Tree Maintenance,Ark Eden,0,200,200,2,198,0,0,a0N2y000000cSnH
OC-026882,Active,0,Environmental education,Environmental Conservation ????,2020 VF Purpose Day - Wetland Habitat Preservation,"WWF, Mai Po Marshes",0,50,50,0,50,0,0,a0N2y000000cTGM
OC-026868,Active,0,Environmental education,Environmental Conservation ????,2020 VF Purpose Day - Wetland Habitat Preservation,"WWF, Mai Po Marshes",0,50,50,0,50,0,0,a0N2y000000cTGM
OC-026870,Inactive,0,Children and youth,Education and Empowerment for Children and Youth ????????????,2020 VF Purpose Week Pilot Program - Creating Educational Videos for Students,"HOHK, virtual volunteering",0,20,1,0,20,0,0,a0N2y000000cTNO
OC-026871,Active,0,Children and youth,Education and Empowerment for Children and Youth,2020 VF Purpose Week Pilot Program - Creating Educational Videos for Students,"HOHK, virtual volunteering",0,20,1,15,5,0,0,a0N2y000000cTRc
OC-026881,Active,0,Elderly,Assistance and Support for Elderly??????,2020 VF Purpose Week - testing,"HOHK, virtual volunteering",0,3,3,0,3,0,0,a0N2y000000cTWc
OC-028552,Active,137,Adults; Elderly; Environmental education,Hygiene,Youth Opportunity: Packing Hygiene Kits distributed to Street Cleaners,Soap Cycling,0,10,1,10,0,10,20,a0N2y000000eQDi
OC-028636,Active,200,Hunger & homelessness,Hunger & Homelessness ????????????,Youth Opportunity: Deliver Necessities and Warmth to Homeless in Yau Ma Tei,"ImpactHK, Jordan",0,7,1,3,4,0,0,a0N2y000000fGFb
OC-028637,Active,200,Hunger & homelessness,Hunger & Homelessness ????????????,Youth Opportunity: Deliver Necessities and Warmth to Homeless in Yau Ma Tei,"ImpactHK, Jordan",0,7,1,6,1,0,0,a0N2y000000fGFb
OC-028638,Active,200,Hunger & homelessness,Hunger & Homelessness ????????????,Youth Opportunity: Deliver Necessities and Warmth to Homeless in Yau Ma Tei,"ImpactHK, Jordan",0,7,1,4,3,0,0,a0N2y000000fGFb
OC-028537,Active,200,Hunger & homelessness,Hunger & Homelessness ????????????,Youth Opportunity: Deliver Necessities and Warmth to Homeless in Yau Ma Tei,"ImpactHK, Jordan",0,3,1,3,0,3,6,a0N2y000000fGFb
OC-028538,Active,200,Hunger & homelessness,Hunger & Homelessness ????????????,Youth Opportunity: Deliver Necessities and Warmth to Homeless in Yau Ma Tei,"ImpactHK, Jordan",0,3,1,3,0,3,6,a0N2y000000fGFb
OC-028540,Active,200,Hunger & homelessness,Hunger & Homelessness ????????????,Youth Opportunity: Deliver Necessities and Warmth to Homeless in Yau Ma Tei,"ImpactHK, Jordan",0,7,1,3,4,3,6,a0N2y000000fGFb
OC-028547,Active,307.5,Elderly; People with illness,Disaster & Emergency Services,Online training session: Phone call support for the elderly (COVID-19 relief),"United Christian, virtual volunteering",0,100,1,57,43,47,47,a0N2y000000fJkd
OC-028780,Active,276,Elderly,Assistance and Support for Elderly??????,COVID-19 Relief: Home deliveries for isolating elderly in Chai Wan,Harmony Garden Lutheran Centre for the Elderly,0,4,1,2,2,0,0,a0N2y000000fQtt
OC-028781,Active,276,Elderly,Assistance and Support for Elderly??????,COVID-19 Relief: Home deliveries for isolating elderly in Chai Wan,Harmony Garden Lutheran Centre for the Elderly,0,4,1,1,3,0,0,a0N2y000000fQtt
OC-028779,Active,276,Elderly,Assistance and Support for Elderly??????,COVID-19 Relief: Home deliveries for isolating elderly in Chai Wan,Harmony Garden Lutheran Centre for the Elderly,0,4,1,4,0,0,0,a0N2y000000fQtt
OC-028783,Active,276,Elderly,Assistance and Support for Elderly??????,COVID-19 Relief: Home deliveries for isolating elderly in Chai Wan,Harmony Garden Lutheran Centre for the Elderly,0,4,1,3,1,0,0,a0N2y000000fQtt
OC-028784,Active,276,Elderly,Assistance and Support for Elderly??????,COVID-19 Relief: Home deliveries for isolating elderly in Chai Wan,Harmony Garden Lutheran Centre for the Elderly,0,4,1,3,1,0,0,a0N2y000000fQtt
OC-028785,Active,276,Elderly,Assistance and Support for Elderly??????,COVID-19 Relief: Home deliveries for isolating elderly in Chai Wan,Harmony Garden Lutheran Centre for the Elderly,0,4,1,3,1,0,0,a0N2y000000fQtt
OC-028903,Active,117,Elderly,Assistance and Support for Elderly??????,COVID-19 Relief: Home deliveries for isolating elderly in Sha Tin,ICFG Lung Hang Church Elderly Centre,0,8,1,0,8,0,0,a0N2y000000fQu3
OC-028904,Active,117,Elderly,Assistance and Support for Elderly??????,COVID-19 Relief: Home deliveries for isolating elderly in Sha Tin,ICFG Lung Hang Church Elderly Centre,0,8,1,2,6,0,0,a0N2y000000fQu3
OC-028907,Canceled,117,Elderly,Assistance and Support for Elderly??????,COVID-19 Relief: Home deliveries for isolating elderly in Sha Tin,ICFG Lung Hang Church Elderly Centre,0,8,1,0,8,0,0,a0N2y000000fQu3
OC-028908,Active,117,Elderly,Assistance and Support for Elderly??????,COVID-19 Relief: Home deliveries for isolating elderly in Sha Tin,ICFG Lung Hang Church Elderly Centre,0,8,1,0,8,0,0,a0N2y000000fQu3
OC-028909,Active,117,Elderly,Assistance and Support for Elderly??????,COVID-19 Relief: Home deliveries for isolating elderly in Sha Tin,ICFG Lung Hang Church Elderly Centre,0,8,1,1,7,0,0,a0N2y000000fQu3
OC-028910,Active,117,Elderly,Assistance and Support for Elderly??????,COVID-19 Relief: Home deliveries for isolating elderly in Sha Tin,ICFG Lung Hang Church Elderly Centre,0,8,1,2,6,0,0,a0N2y000000fQu3
OC-028911,Active,117,Elderly,Assistance and Support for Elderly??????,COVID-19 Relief: Home deliveries for isolating elderly in Sha Tin,ICFG Lung Hang Church Elderly Centre,0,8,1,4,4,0,0,a0N2y000000fQu3
OC-028884,Active,146,Elderly,Assistance and Support for Elderly??????,COVID-19 Relief: Home deliveries for isolating elderly in Sham Shui Po,Hong Kong Christian Service Un Chau Neighbourhood Elderly Center,0,4,1,4,0,0,0,a0N2y000000fQuw
OC-028885,Active,146,Elderly,Assistance and Support for Elderly??????,COVID-19 Relief: Home deliveries for isolating elderly in Sham Shui Po,Hong Kong Christian Service Un Chau Neighbourhood Elderly Center,0,4,1,4,0,0,0,a0N2y000000fQuw
OC-028886,Active,146,Elderly,Assistance and Support for Elderly??????,COVID-19 Relief: Home deliveries for isolating elderly in Sham Shui Po,Hong Kong Christian Service Un Chau Neighbourhood Elderly Center,0,4,1,2,2,0,0,a0N2y000000fQuw
OC-028887,Active,146,Elderly,Assistance and Support for Elderly??????,COVID-19 Relief: Home deliveries for isolating elderly in Sham Shui Po,Hong Kong Christian Service Un Chau Neighbourhood Elderly Center,0,4,1,3,1,0,0,a0N2y000000fQuw
OC-028880,Active,146,Elderly,Assistance and Support for Elderly??????,COVID-19 Relief: Home deliveries for isolating elderly in Sham Shui Po,Hong Kong Christian Service Un Chau Neighbourhood Elderly Center,0,4,1,0,4,0,0,a0N2y000000fQuw
OC-028881,Active,146,Elderly,Assistance and Support for Elderly??????,COVID-19 Relief: Home deliveries for isolating elderly in Sham Shui Po,Hong Kong Christian Service Un Chau Neighbourhood Elderly Center,0,4,1,1,3,0,0,a0N2y000000fQuw
OC-028882,Active,146,Elderly,Assistance and Support for Elderly??????,COVID-19 Relief: Home deliveries for isolating elderly in Sham Shui Po,Hong Kong Christian Service Un Chau Neighbourhood Elderly Center,0,4,1,2,2,0,0,a0N2y000000fQuw
OC-028883,Active,146,Elderly,Assistance and Support for Elderly??????,COVID-19 Relief: Home deliveries for isolating elderly in Sham Shui Po,Hong Kong Christian Service Un Chau Neighbourhood Elderly Center,0,4,1,2,2,0,0,a0N2y000000fQuw
OC-028787,Active,208,Elderly,Assistance and Support for Elderly??????,COVID-19 Relief: Home deliveries for isolating elderly in Tin Shui Wai,United christian nethersole community health service_Good Neighbour Network (Tin,0,4,1,1,3,0,0,a0N2y000000fQvG
OC-028788,Active,208,Elderly,Assistance and Support for Elderly??????,COVID-19 Relief: Home deliveries for isolating elderly in Tin Shui Wai,United christian nethersole community health service_Good Neighbour Network (Tin,0,4,1,2,2,0,0,a0N2y000000fQvG
OC-028789,Active,208,Elderly,Assistance and Support for Elderly??????,COVID-19 Relief: Home deliveries for isolating elderly in Tin Shui Wai,United christian nethersole community health service_Good Neighbour Network (Tin,0,4,1,1,3,0,0,a0N2y000000fQvG
OC-028791,Active,208,Elderly,Assistance and Support for Elderly??????,COVID-19 Relief: Home deliveries for isolating elderly in Tin Shui Wai,United christian nethersole community health service_Good Neighbour Network (Tin,0,4,1,3,1,0,0,a0N2y000000fQvG
OC-028792,Active,208,Elderly,Assistance and Support for Elderly??????,COVID-19 Relief: Home deliveries for isolating elderly in Tin Shui Wai,United christian nethersole community health service_Good Neighbour Network (Tin,0,4,1,2,2,0,0,a0N2y000000fQvG
OC-028793,Active,208,Elderly,Assistance and Support for Elderly??????,COVID-19 Relief: Home deliveries for isolating elderly in Tin Shui Wai,United christian nethersole community health service_Good Neighbour Network (Tin,0,4,1,2,2,0,0,a0N2y000000fQvG
OC-028555,Active,362.5,Elderly,Assistance and Support for Elderly??????,Phone call support to 1 elderly individual [PRE-TRAINED VOLUNTEERS ONLY],"HOHK, virtual volunteering",0,29,1,28,1,28,14,a0N2y000000fQvL
OC-028556,Active,362.5,Elderly,Assistance and Support for Elderly??????,Phone call support to 1 elderly individual [PRE-TRAINED VOLUNTEERS ONLY],"HOHK, virtual volunteering",0,29,1,28,1,28,14,a0N2y000000fQvL
OC-028557,Active,362.5,Elderly,Assistance and Support for Elderly??????,Phone call support to 1 elderly individual [PRE-TRAINED VOLUNTEERS ONLY],"HOHK, virtual volunteering",0,29,1,27,2,27,13.5,a0N2y000000fQvL
OC-028558,Active,362.5,Elderly,Assistance and Support for Elderly??????,Phone call support to 1 elderly individual [PRE-TRAINED VOLUNTEERS ONLY],"HOHK, virtual volunteering",0,29,1,27,2,27,13.5,a0N2y000000fQvL
OC-028811,Active,362.5,Elderly,Assistance and Support for Elderly??????,Phone call support to 1 elderly individual [PRE-TRAINED VOLUNTEERS ONLY],"HOHK, virtual volunteering",0,27,1,14,13,14,7,a0N2y000000fQvL
OC-028812,Active,362.5,Elderly,Assistance and Support for Elderly??????,Phone call support to 1 elderly individual [PRE-TRAINED VOLUNTEERS ONLY],"HOHK, virtual volunteering",0,27,1,15,12,0,0,a0N2y000000fQvL
OC-028813,Active,362.5,Elderly,Assistance and Support for Elderly??????,Phone call support to 1 elderly individual [PRE-TRAINED VOLUNTEERS ONLY],"HOHK, virtual volunteering",0,27,1,14,13,0,0,a0N2y000000fQvL
OC-028814,Active,362.5,Elderly,Assistance and Support for Elderly??????,Phone call support to 1 elderly individual [PRE-TRAINED VOLUNTEERS ONLY],"HOHK, virtual volunteering",0,27,1,15,12,0,0,a0N2y000000fQvL
OC-028588,Active,438.75,Elderly,Assistance and Support for Elderly??????,Phone call support to 1 elderly individual [PRE-TRAINED VOLUNTEERS ONLY],"HOHK, virtual volunteering",0,8,1,8,0,8,8,a0N2y000000fbhS
OC-028589,Active,438.75,Elderly,Assistance and Support for Elderly??????,Phone call support to 1 elderly individual [PRE-TRAINED VOLUNTEERS ONLY],"HOHK, virtual volunteering",0,8,1,8,0,8,8,a0N2y000000fbhS
OC-028590,Active,438.75,Elderly,Assistance and Support for Elderly??????,Phone call support to 1 elderly individual [PRE-TRAINED VOLUNTEERS ONLY],"HOHK, virtual volunteering",0,8,1,8,0,8,8,a0N2y000000fbhS
OC-028591,Active,438.75,Elderly,Assistance and Support for Elderly??????,Phone call support to 1 elderly individual [PRE-TRAINED VOLUNTEERS ONLY],"HOHK, virtual volunteering",0,8,1,8,0,8,8,a0N2y000000fbhS
OC-029106,Active,438.75,Elderly,Assistance and Support for Elderly??????,Phone call support to 1 elderly individual [PRE-TRAINED VOLUNTEERS ONLY],"HOHK, virtual volunteering",0,8,1,8,0,0,0,a0N2y000000fbhS
OC-029102,Active,438.75,Elderly,Assistance and Support for Elderly??????,Phone call support to 1 elderly individual [PRE-TRAINED VOLUNTEERS ONLY],"HOHK, virtual volunteering",0,8,1,8,0,0,0,a0N2y000000fbhS
OC-029103,Active,438.75,Elderly,Assistance and Support for Elderly??????,Phone call support to 1 elderly individual [PRE-TRAINED VOLUNTEERS ONLY],"HOHK, virtual volunteering",0,8,1,8,0,0,0,a0N2y000000fbhS
OC-029104,Active,438.75,Elderly,Assistance and Support for Elderly??????,Phone call support to 1 elderly individual [PRE-TRAINED VOLUNTEERS ONLY],"HOHK, virtual volunteering",0,8,1,8,0,0,0,a0N2y000000fbhS
OC-028433,Active,4.5,Hunger & homelessness,Hunger & Homelessness ????????????,Serve-A-Thon: Deliver Necessities to Homeless in Kwun Tong (Youth Welcome),"ImpactHK, Kwun Tong",0,3,1,3,0,3,4.5,a0N2y000001yj5a
OC-028449,Active,32.5,Environmental education,Environmental Conservation ????,Serve-A-Thon: Help Out with Beach Cleaning in Nim Shue Wan (Family Welcome),Plastic Free Seas NSW,0,25,1,19,6,13,32.5,a0N2y000001yl9q
OC-028454,Active,16,Elderly,Assistance and Support for Elderly??????,Serve-A-Thon: Home deliveries for isolating elderly in Sham Shui Po,Shamshuipo District Elderly Community Centre,0,4,1,4,0,4,8,a0N2y000001ylbo
OC-028455,Active,16,Elderly,Assistance and Support for Elderly??????,Serve-A-Thon: Home deliveries for isolating elderly in Sham Shui Po,Shamshuipo District Elderly Community Centre,0,4,1,4,0,4,8,a0N2y000001ylbo
OC-028458,Active,106,Integrated,Civic & Community,Serve-A-Thon: Create gift cards for Care Packages (Virtual Volunteering),"HOHK, virtual volunteering",0,40,1,38,2,34,102,a0N2y000001ylgy
OC-028888,Active,106,Integrated,Civic & Community,Serve-A-Thon: Create gift cards for Care Packages (Virtual Volunteering),"HOHK, virtual volunteering",0,5,1,2,3,2,4,a0N2y000001ylgy
OC-028541,Active,7,Children and youth,Education and Empowerment for Children and Youth ????????????,Serve-A-Thon: Pre-recorded Cantonese storytelling for hospitalized children,"Playright, Virtual Volunteering",0,10,1,10,0,0,0,a0N2y000001yoKj
OC-028542,Active,1,Children and youth,Education and Empowerment for Children and Youth ????????????,Serve-A-Thon: Pre-recorded English storytelling for hospitalized children,"Playright, Virtual Volunteering",0,10,1,8,2,1,1,a0N2y000001yoNs
OC-028549,Active,0,Elderly,Assistance and Support for Elderly??????,LGT - (English) Phone call support to elderly [PRE-TRAINED VOLUNTEERS ONLY],"HOHK, virtual volunteering",0,5,1,2,3,0,0,a0N2y000001z66l
OC-028551,Active,0,Elderly,Assistance and Support for Elderly??????,LGT - (Cantonese) Phone call support to elderly [PRE-TRAINED VOLUNTEERS ONLY],"HOHK, virtual volunteering",0,30,1,4,26,0,0,a0N2y000001z6aH
OC-028554,Active,45,Integrated,Health and Wellness ????,Distributing Hygiene Kits to Street Cleaners,Kwai Chung,0,20,1,15,5,15,45,a0N2y000001zUC6
OC-028559,Active,336,Children and youth; People with disabilities,Education and Empowerment for Children and Youth ????????????,Serve-A-Thon: Create a sensory box for a student with intellectual disabilities,"Anita L. L. Chan(Centenary) School, To Kwa Wan",0,30,1,26,4,20,80,a0N2y000001zXKz
OC-028742,Active,336,Children and youth; People with disabilities,Education and Empowerment for Children and Youth ????????????,Serve-A-Thon: Create a sensory box for a student with intellectual disabilities,"Anita L. L. Chan(Centenary) School, VV",0,10,1,9,1,6,24,a0N2y000001zXKz
OC-028743,Active,336,Children and youth; People with disabilities,Education and Empowerment for Children and Youth ????????????,Serve-A-Thon: Create a sensory box for a student with intellectual disabilities,"Anita L. L. Chan(Centenary) School, VV",0,10,1,10,0,9,36,a0N2y000001zXKz
OC-028744,Active,336,Children and youth; People with disabilities,Education and Empowerment for Children and Youth ????????????,Serve-A-Thon: Create a sensory box for a student with intellectual disabilities,"Anita L. L. Chan(Centenary) School, VV",0,10,1,10,0,10,40,a0N2y000001zXKz
OC-028745,Active,336,Children and youth; People with disabilities,Education and Empowerment for Children and Youth ????????????,Serve-A-Thon: Create a sensory box for a student with intellectual disabilities,"Anita L. L. Chan(Centenary) School, VV",0,10,1,10,0,10,40,a0N2y000001zXKz
OC-028746,Active,336,Children and youth; People with disabilities,Education and Empowerment for Children and Youth ????????????,Serve-A-Thon: Create a sensory box for a student with intellectual disabilities,"Anita L. L. Chan(Centenary) School, VV",0,10,1,10,0,10,40,a0N2y000001zXKz
OC-028747,Active,336,Children and youth; People with disabilities,Education and Empowerment for Children and Youth ????????????,Serve-A-Thon: Create a sensory box for a student with intellectual disabilities,"Anita L. L. Chan(Centenary) School, VV",0,10,1,10,0,9,36,a0N2y000001zXKz
OC-028749,Active,336,Children and youth; People with disabilities,Education and Empowerment for Children and Youth ????????????,Serve-A-Thon: Create a sensory box for a student with intellectual disabilities,"Anita L. L. Chan(Centenary) School, VV",0,10,1,10,0,10,40,a0N2y000001zXKz
OC-028560,Active,72,Children and youth; People with disabilities,Education and Empowerment for Children and Youth ????????????,Serve-A-Thon: Create an 'Inspiration Jar' for a SEN child,"HKSD, VV",0,50,1,42,8,32,64,a0N2y000001zYlC
OC-028962,Active,72,Children and youth; People with disabilities,Education and Empowerment for Children and Youth ????????????,Serve-A-Thon: Create an 'Inspiration Jar' for a SEN child,"HKSD, VV",0,4,1,4,0,4,8,a0N2y000001zYlC
OC-028561,Active,17,Elderly,Assistance and Support for Elderly??????,Serve-A-Thon: Film a video greeting for an elderly person living in a care-home,"HOHK, virtual volunteering",0,10,1,9,1,6,6,a0N2y000001zYnX
OC-028750,Active,17,Elderly,Assistance and Support for Elderly??????,Serve-A-Thon: Film a video greeting for an elderly person living in a care-home,"HOHK, virtual volunteering",0,10,1,2,8,2,2,a0N2y000001zYnX
OC-028751,Active,17,Elderly,Assistance and Support for Elderly??????,Serve-A-Thon: Film a video greeting for an elderly person living in a care-home,"HOHK, virtual volunteering",0,5,1,2,3,2,2,a0N2y000001zYnX
OC-028752,Active,17,Elderly,Assistance and Support for Elderly??????,Serve-A-Thon: Film a video greeting for an elderly person living in a care-home,"HOHK, virtual volunteering",0,5,1,2,3,2,2,a0N2y000001zYnX
OC-028753,Active,17,Elderly,Assistance and Support for Elderly??????,Serve-A-Thon: Film a video greeting for an elderly person living in a care-home,"HOHK, virtual volunteering",0,5,1,2,3,2,2,a0N2y000001zYnX
OC-028754,Active,17,Elderly,Assistance and Support for Elderly??????,Serve-A-Thon: Film a video greeting for an elderly person living in a care-home,"HOHK, virtual volunteering",0,5,1,2,3,2,2,a0N2y000001zYnX
OC-028755,Active,17,Elderly,Assistance and Support for Elderly??????,Serve-A-Thon: Film a video greeting for an elderly person living in a care-home,"HOHK, virtual volunteering",0,10,1,1,9,1,1,a0N2y000001zYnX
OC-028562,Active,0,Adults; Children and youth; Elderly; People with disabilities,Civic & Community,Serve-A-Thon: Organize a drive to raise emergency items for special needs kids,"HOHK, virtual volunteering",0,1,1,0,1,0,0,a0N2y000001zc4l
OC-028564,Active,3,Adults; Children and youth; Elderly,Civic & Community,Serve-a-thon: Organize a drive to raise emergency items for low-income families,The Church of Christ in China Yaumati Kei To Church,0,1,1,1,0,1,3,a0N2y000001zcUl
OC-028566,Active,3,Adults; Children and youth; Elderly,Civic & Community,Serve-a-thon: Organize a drive to raise emergency items for vulnerable families,HKLSS Martha Boss Lutheran Community Centre Group & Community Work Unit,0,1,1,1,0,1,3,a0N2y000001zcVP
OC-028567,Active,3,Elderly,Assistance and Support for Elderly??????,Serve-a-thon: Organize a drive to raise emergency items for the elderly people,United Christian SMP,0,1,1,1,0,1,3,a0N2y000001zcW8
OC-028568,Active,3,Refugees and asylum seekers,Refugee & Asylum Seekers Services,Serve-a-thon: Organize a drive to raise emergency items for refugees,"Christian Action, Chungking Mansions",0,1,1,1,0,1,3,a0N2y000001zcWD
OC-028761,Active,28,Elderly,Assistance and Support for Elderly??????,Serve-A-Thon: Deliver care packages for isolating elderly in Central,Hong Kong Women Foundation Ho Kwok Pui-chun Social Centre for the Elderly,0,4,1,2,2,2,4,a0N2y000001zcn1
OC-028760,Active,28,Elderly,Assistance and Support for Elderly??????,Serve-A-Thon: Deliver care packages for isolating elderly in Central,Hong Kong Women Foundation Ho Kwok Pui-chun Social Centre for the Elderly,0,4,1,4,0,4,8,a0N2y000001zcn1
OC-028569,Active,28,Elderly,Assistance and Support for Elderly??????,Serve-A-Thon: Deliver care packages for isolating elderly in Central,Hong Kong Women Foundation Ho Kwok Pui-chun Social Centre for the Elderly,0,4,1,4,0,4,8,a0N2y000001zcn1
OC-028570,Active,28,Elderly,Assistance and Support for Elderly??????,Serve-A-Thon: Deliver care packages for isolating elderly in Central,Hong Kong Women Foundation Ho Kwok Pui-chun Social Centre for the Elderly,0,4,1,4,0,4,8,a0N2y000001zcn1
OC-028576,Active,6,Hunger & homelessness,Hunger & Homelessness ????????????,Serve-A-Thon: Deliver Necessities to Homeless in Tsim Sha Tsui (Youth Welcome),"ImpactHK, TST",0,3,1,3,0,3,4.5,a0N2y000001zgPJ
OC-028577,Active,6,Hunger & homelessness,Hunger & Homelessness ????????????,Serve-A-Thon: Deliver Necessities to Homeless in Tsim Sha Tsui (Youth Welcome),"ImpactHK, TST",0,3,1,1,2,1,1.5,a0N2y000001zgPJ
OC-028578,Active,2.5,Hunger & homelessness,Hunger & Homelessness ????????????,Test_VO,"ImpactHK, 6/F Hang Cheung Center",0,3,1,0,3,0,2.5,a0N2y000001zgQG
OC-028579,Pending,0,Children and youth,Civic & Community,Test VV,"HandsOn Hong Kong, Cheung Sha Wan",0,500,1,0,500,0,0,a0N2y000001zhio
OC-028580,Pending,0,Other,Animal Welfare ????,123,"HOHK, virtual volunteering",0,500,1,0,500,0,0,a0N2y000001zhjD
OC-028582,Active,42.5,Adults; Children and youth; Elderly; Refugees and asylum seekers; Women,Civic & Community,HandsOn Care Pack Delivery Volunteer Leader Information and Training Session,"HOHK, virtual volunteering",0,15,1,15,0,15,15,a0N2y000001zk0h
OC-028902,Active,42.5,Adults; Children and youth; Elderly; Refugees and asylum seekers; Women,Civic & Community,HandsOn Care Pack Delivery Volunteer Leader Information and Training Session,"HOHK, virtual volunteering",1,15,1,11,4,11,27.5,a0N2y000001zk0h
OC-028587,Active,0,,Civic & Community,Testing SBV,"HandsOn Hong Kong, Cheung Sha Wan",0,2,1,0,2,0,0,a0N2y000001zlrH
OC-028592,Pending,0,,Civic & Community,Self-Reported Volunteer Hours,Self-Reporting Unique Location,0,1,1,0,1,0,0,a0N2y000001zr94
OC-028607,Active,75,Animals,Animal Welfare ????,Youth Opportunity: Help at animal shelter in Yuen Long,"MCCC, Yuen Long",0,2,1,2,0,2,8,a0N2y000001zrE9
OC-028608,Active,75,Animals,Animal Welfare ????,Youth Opportunity: Help at animal shelter in Yuen Long,"MCCC, Yuen Long",0,2,1,0,2,0,0,a0N2y000001zrE9
OC-028593,Active,75,Animals,Animal Welfare ????,Youth Opportunity: Help at animal shelter in Yuen Long,"MCCC, Yuen Long",0,2,1,1,1,1,3,a0N2y000001zrE9
OC-028610,Active,75,Animals,Animal Welfare ????,Youth Opportunity: Help at animal shelter in Yuen Long,"MCCC, Yuen Long",0,2,1,2,0,2,8,a0N2y000001zrE9
OC-028612,Active,75,Animals,Animal Welfare ????,Youth Opportunity: Help at animal shelter in Yuen Long,"MCCC, Yuen Long",0,2,1,1,1,1,4,a0N2y000001zrE9
OC-028613,Active,75,Animals,Animal Welfare ????,Youth Opportunity: Help at animal shelter in Yuen Long,"MCCC, Yuen Long",0,2,1,1,1,1,4,a0N2y000001zrE9
OC-028615,Active,75,Animals,Animal Welfare ????,Youth Opportunity: Help at animal shelter in Yuen Long,"MCCC, Yuen Long",0,2,1,2,0,2,8,a0N2y000001zrE9
OC-028616,Active,75,Animals,Animal Welfare ????,Youth Opportunity: Help at animal shelter in Yuen Long,"MCCC, Yuen Long",0,2,1,2,0,2,8,a0N2y000001zrE9
OC-028722,Active,75,Animals,Animal Welfare ????,Youth Opportunity: Help at animal shelter in Yuen Long,"MCCC, Yuen Long",0,2,1,0,2,0,0,a0N2y000001zrE9
OC-028723,Active,75,Animals,Animal Welfare ????,Youth Opportunity: Help at animal shelter in Yuen Long,"MCCC, Yuen Long",0,2,1,0,2,0,0,a0N2y000001zrE9
OC-028724,Active,75,Animals,Animal Welfare ????,Youth Opportunity: Help at animal shelter in Yuen Long,"MCCC, Yuen Long",0,2,1,1,1,0,0,a0N2y000001zrE9
OC-028725,Active,75,Animals,Animal Welfare ????,Youth Opportunity: Help at animal shelter in Yuen Long,"MCCC, Yuen Long",0,2,1,0,2,0,0,a0N2y000001zrE9
OC-028720,Active,75,Animals,Animal Welfare ????,Youth Opportunity: Help at animal shelter in Yuen Long,"MCCC, Yuen Long",0,2,1,0,2,0,0,a0N2y000001zrE9
OC-028721,Active,75,Animals,Animal Welfare ????,Youth Opportunity: Help at animal shelter in Yuen Long,"MCCC, Yuen Long",0,2,1,0,2,0,0,a0N2y000001zrE9
OC-028726,Active,75,Animals,Animal Welfare ????,Youth Opportunity: Help at animal shelter in Yuen Long,"MCCC, Yuen Long",0,2,1,0,2,0,0,a0N2y000001zrE9
OC-028727,Active,75,Animals,Animal Welfare ????,Youth Opportunity: Help at animal shelter in Yuen Long,"MCCC, Yuen Long",0,2,1,0,2,0,0,a0N2y000001zrE9
OC-028729,Active,75,Animals,Animal Welfare ????,Youth Opportunity: Help at animal shelter in Yuen Long,"MCCC, Yuen Long",0,2,1,0,2,0,0,a0N2y000001zrE9
OC-028730,Active,75,Animals,Animal Welfare ????,Youth Opportunity: Help at animal shelter in Yuen Long,"MCCC, Yuen Long",0,2,1,0,2,0,0,a0N2y000001zrE9
OC-028731,Active,75,Animals,Animal Welfare ????,Youth Opportunity: Help at animal shelter in Yuen Long,"MCCC, Yuen Long",0,2,1,0,2,0,0,a0N2y000001zrE9
OC-028732,Active,75,Animals,Animal Welfare ????,Youth Opportunity: Help at animal shelter in Yuen Long,"MCCC, Yuen Long",0,2,1,0,2,0,0,a0N2y000001zrE9
OC-028711,Active,75,Animals,Animal Welfare ????,Youth Opportunity: Help at animal shelter in Yuen Long,"MCCC, Yuen Long",0,2,1,1,1,0,0,a0N2y000001zrE9
OC-028712,Active,75,Animals,Animal Welfare ????,Youth Opportunity: Help at animal shelter in Yuen Long,"MCCC, Yuen Long",0,2,1,0,2,0,0,a0N2y000001zrE9
OC-028713,Active,75,Animals,Animal Welfare ????,Youth Opportunity: Help at animal shelter in Yuen Long,"MCCC, Yuen Long",0,2,1,0,2,0,0,a0N2y000001zrE9
OC-028716,Active,75,Animals,Animal Welfare ????,Youth Opportunity: Help at animal shelter in Yuen Long,"MCCC, Yuen Long",0,2,1,1,1,0,0,a0N2y000001zrE9
OC-028717,Active,75,Animals,Animal Welfare ????,Youth Opportunity: Help at animal shelter in Yuen Long,"MCCC, Yuen Long",0,2,1,0,2,0,0,a0N2y000001zrE9
OC-028718,Active,75,Animals,Animal Welfare ????,Youth Opportunity: Help at animal shelter in Yuen Long,"MCCC, Yuen Long",0,2,1,0,2,0,0,a0N2y000001zrE9
OC-028719,Active,75,Animals,Animal Welfare ????,Youth Opportunity: Help at animal shelter in Yuen Long,"MCCC, Yuen Long",0,2,1,0,2,0,0,a0N2y000001zrE9
OC-028733,Active,75,Animals,Animal Welfare ????,Youth Opportunity: Help at animal shelter in Yuen Long,"MCCC, Yuen Long",0,5,1,4,1,4,16,a0N2y000001zrE9
OC-028734,Active,75,Animals,Animal Welfare ????,Youth Opportunity: Help at animal shelter in Yuen Long,"MCCC, Yuen Long",0,1,1,0,1,0,0,a0N2y000001zrE9
OC-028735,Active,75,Animals,Animal Welfare ????,Youth Opportunity: Help at animal shelter in Yuen Long,"MCCC, Yuen Long",0,5,1,4,1,0,0,a0N2y000001zrE9
OC-028736,Active,75,Animals,Animal Welfare ????,Youth Opportunity: Help at animal shelter in Yuen Long,"MCCC, Yuen Long",0,5,1,5,0,0,0,a0N2y000001zrE9
OC-028740,Active,75,Animals,Animal Welfare ????,Youth Opportunity: Help at animal shelter in Yuen Long,"MCCC, Yuen Long",0,5,1,5,0,0,0,a0N2y000001zrE9
OC-028738,Active,75,Animals,Animal Welfare ????,Youth Opportunity: Help at animal shelter in Yuen Long,"MCCC, Yuen Long",0,5,1,5,0,4,16,a0N2y000001zrE9
OC-028739,Active,75,Animals,Animal Welfare ????,Youth Opportunity: Help at animal shelter in Yuen Long,"MCCC, Yuen Long",0,5,1,5,0,0,0,a0N2y000001zrE9
OC-028625,Active,68,Animals,Animal Welfare ????,Serve-a-thon: Help at animal shelter in Yuen Long,"MCCC, Yuen Long",0,5,1,4,1,2,8,a0N2y000001zrT4
OC-028626,Active,68,Animals,Animal Welfare ????,Serve-a-thon: Help at animal shelter in Yuen Long,"MCCC, Yuen Long",0,5,1,5,0,5,20,a0N2y000001zrT4
OC-028623,Active,68,Animals,Animal Welfare ????,Serve-a-thon: Help at animal shelter in Yuen Long,"MCCC, Yuen Long",0,5,1,3,2,2,8,a0N2y000001zrT4
OC-028624,Active,68,Animals,Animal Welfare ????,Serve-a-thon: Help at animal shelter in Yuen Long,"MCCC, Yuen Long",0,5,1,4,1,3,12,a0N2y000001zrT4
OC-028620,Active,68,Animals,Animal Welfare ????,Serve-a-thon: Help at animal shelter in Yuen Long,"MCCC, Yuen Long",0,2,1,0,2,0,0,a0N2y000001zrT4
OC-028621,Active,68,Animals,Animal Welfare ????,Serve-a-thon: Help at animal shelter in Yuen Long,"MCCC, Yuen Long",0,2,1,2,0,2,8,a0N2y000001zrT4
OC-028622,Active,68,Animals,Animal Welfare ????,Serve-a-thon: Help at animal shelter in Yuen Long,"MCCC, Yuen Long",0,2,1,0,2,0,0,a0N2y000001zrT4
OC-028618,Active,68,Animals,Animal Welfare ????,Serve-a-thon: Help at animal shelter in Yuen Long,"MCCC, Yuen Long",0,2,1,2,0,2,8,a0N2y000001zrT4
OC-028619,Active,68,Animals,Animal Welfare ????,Serve-a-thon: Help at animal shelter in Yuen Long,"MCCC, Yuen Long",0,2,1,1,1,1,4,a0N2y000001zrT4
OC-028632,Canceled,0,Environmental education,Civic & Community,Serve-A-Thon: Farming Experience Day with your families,"Hohk, Yuen Long",0,27,1,24,3,0,0,a0N2y000001zsXb
OC-028756,Pending,0,,Civic & Community,Self-Reported Volunteer Hours,Self-Reporting Unique Location,0,1,1,0,1,0,0,a0N2y00000205QJ
OC-028759,Active,67.5,Elderly,Assistance and Support for Elderly??????,Serve-A-Thon: Deliver care packages for isolating elderly in Kwai Chung,SAGE Kwai Chung Elderly Centre,0,8,1,8,0,7,35,a0N2y00000205SK
OC-028757,Active,67.5,Elderly,Assistance and Support for Elderly??????,Serve-A-Thon: Deliver care packages for isolating elderly in Kwai Chung,SAGE Kwai Chung Elderly Centre,0,10,1,7,3,7,17.5,a0N2y00000205SK
OC-028758,Active,67.5,Elderly,Assistance and Support for Elderly??????,Serve-A-Thon: Deliver care packages for isolating elderly in Kwai Chung,SAGE Kwai Chung Elderly Centre,0,10,1,6,4,6,15,a0N2y00000205SK
OC-028762,Pending,0,,Civic & Community,Self-Reported Volunteer Hours,Self-Reporting Unique Location,0,1,1,0,1,0,0,a0N2y0000020DD2
OC-028764,Active,64,Women,Empowerment and Support for Domestic and Migrant Workers ???????????,Serve-a-thon: Outreach to domestic workers and distribute the giveaway packets,"HELP, Central",0,10,1,10,0,9,36,a0N2y0000020DKX
OC-028763,Active,64,Women,Empowerment and Support for Domestic and Migrant Workers ???????????,Serve-a-thon: Outreach to domestic workers and distribute the giveaway packets,"HELP, Central",0,10,1,7,3,7,28,a0N2y0000020DKX
OC-028765,Active,30,Children and youth,Education and Empowerment for Children and Youth ????????????,Training session: Virtual storytelling for hospitalized children (Bilingual),"Playright, Virtual Volunteering",0,25,1,16,9,0,0,a0N2y0000020EB4
OC-028766,Active,30,Children and youth; People with disabilities,Education and Empowerment for Children and Youth ????????????,Training session: Virtual storytelling for hospitalized children (English),"Playright, Virtual Volunteering",0,25,1,23,2,0,0,a0N2y0000020EF6
OC-028773,Pending,0,,Civic & Community,Self-Reported Volunteer Hours,Self-Reporting Unique Location,0,1,1,0,1,0,0,a0N2y0000020JR5
OC-028777,Active,18.5,Elderly,Assistance and Support for Elderly??????,Phone call support to 1 elderly individual [PRE-TRAINED VOLUNTEERS ONLY],"Un Chau Neighbourhood Elderly Centre, Virtual Volunteering",0,50,1,37,13,0,0,a0N2y0000020JTo
OC-028774,Active,18.5,Elderly,Assistance and Support for Elderly??????,Phone call support to 1 elderly individual [PRE-TRAINED VOLUNTEERS ONLY],"Un Chau Neighbourhood Elderly Centre, Virtual Volunteering",0,50,1,37,13,37,18.5,a0N2y0000020JTo
OC-028775,Active,18.5,Elderly,Assistance and Support for Elderly??????,Phone call support to 1 elderly individual [PRE-TRAINED VOLUNTEERS ONLY],"Un Chau Neighbourhood Elderly Centre, Virtual Volunteering",0,50,1,37,13,0,0,a0N2y0000020JTo
OC-028776,Active,18.5,Elderly,Assistance and Support for Elderly??????,Phone call support to 1 elderly individual [PRE-TRAINED VOLUNTEERS ONLY],"Un Chau Neighbourhood Elderly Centre, Virtual Volunteering",0,50,1,37,13,0,0,a0N2y0000020JTo
OC-028819,Active,18.5,Elderly,Assistance and Support for Elderly??????,Phone call support to 1 elderly individual [PRE-TRAINED VOLUNTEERS ONLY],"Un Chau Neighbourhood Elderly Centre, Virtual Volunteering",0,3,1,3,0,0,0,a0N2y0000020JTo
OC-028778,Active,4,Elderly,Civic & Community,Youth Empowered: Create gift cards for the elderly (Virtual Volunteering),"Harmony Garden, Virtual Volunteering",0,30,1,27,3,1,4,a0N2y0000020K1a
OC-029105,Pending,4,Elderly,Civic & Community,Youth Empowered: Create gift cards for the elderly (Virtual Volunteering),"Harmony Garden, Virtual Volunteering",0,10,1,0,10,0,0,a0N2y0000020K1a
OC-028849,Active,16.5,Environmental education; Hunger & homelessness,Hunger & Homelessness ????????????,Youth Opportunities: Preparing food ingredients and meal boxes in SSP Kitchen,Food Angel SSP,0,4,1,1,3,0,0,a0N2y0000020f5d
OC-028850,Active,16.5,Environmental education; Hunger & homelessness,Hunger & Homelessness ????????????,Youth Opportunities: Preparing food ingredients and meal boxes in SSP Kitchen,Food Angel SSP,0,4,1,0,4,0,0,a0N2y0000020f5d
OC-028851,Active,16.5,Environmental education; Hunger & homelessness,Hunger & Homelessness ????????????,Youth Opportunities: Preparing food ingredients and meal boxes in SSP Kitchen,Food Angel SSP,0,4,1,0,4,0,0,a0N2y0000020f5d
OC-028852,Active,16.5,Environmental education; Hunger & homelessness,Hunger & Homelessness ????????????,Youth Opportunities: Preparing food ingredients and meal boxes in SSP Kitchen,Food Angel SSP,0,4,1,2,2,0,0,a0N2y0000020f5d
OC-028853,Active,16.5,Environmental education; Hunger & homelessness,Hunger & Homelessness ????????????,Youth Opportunities: Preparing food ingredients and meal boxes in SSP Kitchen,Food Angel SSP,0,4,1,3,1,0,0,a0N2y0000020f5d
OC-028854,Active,16.5,Environmental education; Hunger & homelessness,Hunger & Homelessness ????????????,Youth Opportunities: Preparing food ingredients and meal boxes in SSP Kitchen,Food Angel SSP,0,4,1,0,4,0,0,a0N2y0000020f5d
OC-028856,Active,16.5,Environmental education; Hunger & homelessness,Hunger & Homelessness ????????????,Youth Opportunities: Preparing food ingredients and meal boxes in SSP Kitchen,Food Angel SSP,0,4,1,3,1,0,0,a0N2y0000020f5d
OC-028857,Active,16.5,Environmental education; Hunger & homelessness,Hunger & Homelessness ????????????,Youth Opportunities: Preparing food ingredients and meal boxes in SSP Kitchen,Food Angel SSP,0,4,1,1,3,0,0,a0N2y0000020f5d
OC-028840,Active,16.5,Environmental education; Hunger & homelessness,Hunger & Homelessness ????????????,Youth Opportunities: Preparing food ingredients and meal boxes in SSP Kitchen,Food Angel SSP,0,4,1,0,4,0,0,a0N2y0000020f5d
OC-028842,Active,16.5,Environmental education; Hunger & homelessness,Hunger & Homelessness ????????????,Youth Opportunities: Preparing food ingredients and meal boxes in SSP Kitchen,Food Angel SSP,0,4,1,1,3,0,0,a0N2y0000020f5d
OC-028844,Active,16.5,Environmental education; Hunger & homelessness,Hunger & Homelessness ????????????,Youth Opportunities: Preparing food ingredients and meal boxes in SSP Kitchen,Food Angel SSP,0,4,1,2,2,0,0,a0N2y0000020f5d
OC-028845,Active,16.5,Environmental education; Hunger & homelessness,Hunger & Homelessness ????????????,Youth Opportunities: Preparing food ingredients and meal boxes in SSP Kitchen,Food Angel SSP,0,4,1,1,3,0,0,a0N2y0000020f5d
OC-028846,Active,16.5,Environmental education; Hunger & homelessness,Hunger & Homelessness ????????????,Youth Opportunities: Preparing food ingredients and meal boxes in SSP Kitchen,Food Angel SSP,0,4,1,2,2,0,0,a0N2y0000020f5d
OC-028847,Active,16.5,Environmental education; Hunger & homelessness,Hunger & Homelessness ????????????,Youth Opportunities: Preparing food ingredients and meal boxes in SSP Kitchen,Food Angel SSP,0,4,1,2,2,0,0,a0N2y0000020f5d
OC-028848,Active,16.5,Environmental education; Hunger & homelessness,Hunger & Homelessness ????????????,Youth Opportunities: Preparing food ingredients and meal boxes in SSP Kitchen,Food Angel SSP,0,4,1,1,3,0,0,a0N2y0000020f5d
OC-028860,Active,16.5,Environmental education; Hunger & homelessness,Hunger & Homelessness ????????????,Youth Opportunities: Preparing food ingredients and meal boxes in Harvest Mill,"Food Angel, Kwun Tong",0,4,1,2,2,0,0,a0N2y0000020f6g
OC-028861,Active,16.5,Environmental education; Hunger & homelessness,Hunger & Homelessness ????????????,Youth Opportunities: Preparing food ingredients and meal boxes in Harvest Mill,"Food Angel, Kwun Tong",0,4,1,3,1,0,0,a0N2y0000020f6g
OC-028862,Active,16.5,Environmental education; Hunger & homelessness,Hunger & Homelessness ????????????,Youth Opportunities: Preparing food ingredients and meal boxes in Harvest Mill,"Food Angel, Kwun Tong",0,4,1,2,2,0,0,a0N2y0000020f6g
OC-028864,Active,16.5,Environmental education; Hunger & homelessness,Hunger & Homelessness ????????????,Youth Opportunities: Preparing food ingredients and meal boxes in Harvest Mill,"Food Angel, Kwun Tong",0,4,1,3,1,0,0,a0N2y0000020f6g
OC-028865,Active,16.5,Environmental education; Hunger & homelessness,Hunger & Homelessness ????????????,Youth Opportunities: Preparing food ingredients and meal boxes in Harvest Mill,"Food Angel, Kwun Tong",0,4,1,2,2,0,0,a0N2y0000020f6g
OC-028866,Active,16.5,Environmental education; Hunger & homelessness,Hunger & Homelessness ????????????,Youth Opportunities: Preparing food ingredients and meal boxes in Harvest Mill,"Food Angel, Kwun Tong",0,4,1,3,1,0,0,a0N2y0000020f6g
OC-028867,Active,16.5,Environmental education; Hunger & homelessness,Hunger & Homelessness ????????????,Youth Opportunities: Preparing food ingredients and meal boxes in Harvest Mill,"Food Angel, Kwun Tong",0,4,1,1,3,0,0,a0N2y0000020f6g
OC-028868,Active,16.5,Environmental education; Hunger & homelessness,Hunger & Homelessness ????????????,Youth Opportunities: Preparing food ingredients and meal boxes in Harvest Mill,"Food Angel, Kwun Tong",0,4,1,1,3,0,0,a0N2y0000020f6g
OC-028869,Active,16.5,Environmental education; Hunger & homelessness,Hunger & Homelessness ????????????,Youth Opportunities: Preparing food ingredients and meal boxes in Harvest Mill,"Food Angel, Kwun Tong",0,4,1,1,3,0,0,a0N2y0000020f6g
OC-028870,Active,16.5,Environmental education; Hunger & homelessness,Hunger & Homelessness ????????????,Youth Opportunities: Preparing food ingredients and meal boxes in Harvest Mill,"Food Angel, Kwun Tong",0,4,1,1,3,0,0,a0N2y0000020f6g
OC-028872,Active,16.5,Environmental education; Hunger & homelessness,Hunger & Homelessness ????????????,Youth Opportunities: Preparing food ingredients and meal boxes in Harvest Mill,"Food Angel, Kwun Tong",0,4,1,2,2,0,0,a0N2y0000020f6g
OC-028879,Active,16.5,Environmental education; Hunger & homelessness,Hunger & Homelessness ????????????,Youth Opportunities: Preparing food ingredients and meal boxes in Harvest Mill,"Food Angel, Kwun Tong",0,4,1,1,3,0,0,a0N2y0000020f6g
OC-028874,Active,16.5,Environmental education; Hunger & homelessness,Hunger & Homelessness ????????????,Youth Opportunities: Preparing food ingredients and meal boxes in Harvest Mill,"Food Angel, Kwun Tong",0,4,1,2,2,0,0,a0N2y0000020f6g
OC-028875,Active,16.5,Environmental education; Hunger & homelessness,Hunger & Homelessness ????????????,Youth Opportunities: Preparing food ingredients and meal boxes in Harvest Mill,"Food Angel, Kwun Tong",0,4,1,3,1,0,0,a0N2y0000020f6g
OC-028876,Active,16.5,Environmental education; Hunger & homelessness,Hunger & Homelessness ????????????,Youth Opportunities: Preparing food ingredients and meal boxes in Harvest Mill,"Food Angel, Kwun Tong",0,4,1,3,1,0,0,a0N2y0000020f6g
OC-028877,Active,16.5,Environmental education; Hunger & homelessness,Hunger & Homelessness ????????????,Youth Opportunities: Preparing food ingredients and meal boxes in Harvest Mill,"Food Angel, Kwun Tong",0,4,1,2,2,0,0,a0N2y0000020f6g
OC-028878,Active,16.5,Environmental education; Hunger & homelessness,Hunger & Homelessness ????????????,Youth Opportunities: Preparing food ingredients and meal boxes in Harvest Mill,"Food Angel, Kwun Tong",0,4,1,2,2,0,0,a0N2y0000020f6g
OC-028971,Active,16.5,Environmental education; Hunger & homelessness,Hunger & Homelessness ????????????,Youth Opportunities: Preparing food ingredients and meal boxes in Harvest Mill,"Food Angel, Kwun Tong",0,3,1,0,3,0,0,a0N2y0000020f6g
OC-028972,Active,16.5,Environmental education; Hunger & homelessness,Hunger & Homelessness ????????????,Youth Opportunities: Preparing food ingredients and meal boxes in Harvest Mill,"Food Angel, Kwun Tong",0,3,1,0,3,0,0,a0N2y0000020f6g
OC-028973,Active,16.5,Environmental education; Hunger & homelessness,Hunger & Homelessness ????????????,Youth Opportunities: Preparing food ingredients and meal boxes in Harvest Mill,"Food Angel, Kwun Tong",0,3,1,0,3,0,0,a0N2y0000020f6g
OC-028974,Active,16.5,Environmental education; Hunger & homelessness,Hunger & Homelessness ????????????,Youth Opportunities: Preparing food ingredients and meal boxes in Harvest Mill,"Food Angel, Kwun Tong",0,3,1,0,3,0,0,a0N2y0000020f6g
OC-028975,Active,16.5,Environmental education; Hunger & homelessness,Hunger & Homelessness ????????????,Youth Opportunities: Preparing food ingredients and meal boxes in Harvest Mill,"Food Angel, Kwun Tong",0,3,1,0,3,0,0,a0N2y0000020f6g
OC-028976,Active,16.5,Environmental education; Hunger & homelessness,Hunger & Homelessness ????????????,Youth Opportunities: Preparing food ingredients and meal boxes in Harvest Mill,"Food Angel, Kwun Tong",0,3,1,0,3,0,0,a0N2y0000020f6g
OC-028977,Active,16.5,Environmental education; Hunger & homelessness,Hunger & Homelessness ????????????,Youth Opportunities: Preparing food ingredients and meal boxes in Harvest Mill,"Food Angel, Kwun Tong",0,3,1,0,3,0,0,a0N2y0000020f6g
OC-028978,Active,16.5,Environmental education; Hunger & homelessness,Hunger & Homelessness ????????????,Youth Opportunities: Preparing food ingredients and meal boxes in Harvest Mill,"Food Angel, Kwun Tong",0,3,1,0,3,0,0,a0N2y0000020f6g
OC-028979,Active,16.5,Environmental education; Hunger & homelessness,Hunger & Homelessness ????????????,Youth Opportunities: Preparing food ingredients and meal boxes in Harvest Mill,"Food Angel, Kwun Tong",0,3,1,0,3,0,0,a0N2y0000020f6g
OC-028980,Active,16.5,Environmental education; Hunger & homelessness,Hunger & Homelessness ????????????,Youth Opportunities: Preparing food ingredients and meal boxes in Harvest Mill,"Food Angel, Kwun Tong",0,3,1,0,3,0,0,a0N2y0000020f6g
OC-028981,Active,16.5,Environmental education; Hunger & homelessness,Hunger & Homelessness ????????????,Youth Opportunities: Preparing food ingredients and meal boxes in Harvest Mill,"Food Angel, Kwun Tong",0,3,1,0,3,0,0,a0N2y0000020f6g
OC-028967,Active,16.5,Environmental education; Hunger & homelessness,Hunger & Homelessness ????????????,Youth Opportunities: Preparing food ingredients and meal boxes in Harvest Mill,"Food Angel, Kwun Tong",0,3,1,0,3,0,0,a0N2y0000020f6g
OC-028968,Active,16.5,Environmental education; Hunger & homelessness,Hunger & Homelessness ????????????,Youth Opportunities: Preparing food ingredients and meal boxes in Harvest Mill,"Food Angel, Kwun Tong",0,3,1,0,3,0,0,a0N2y0000020f6g
OC-028969,Active,16.5,Environmental education; Hunger & homelessness,Hunger & Homelessness ????????????,Youth Opportunities: Preparing food ingredients and meal boxes in Harvest Mill,"Food Angel, Kwun Tong",0,3,1,2,1,0,0,a0N2y0000020f6g
OC-028970,Active,16.5,Environmental education; Hunger & homelessness,Hunger & Homelessness ????????????,Youth Opportunities: Preparing food ingredients and meal boxes in Harvest Mill,"Food Angel, Kwun Tong",0,3,1,0,3,0,0,a0N2y0000020f6g
OC-028889,Pending,0,,Civic & Community,Self-Reported Volunteer Hours,Self-Reporting Unique Location,0,1,1,0,1,0,0,a0N2y0000020krp
OC-028891,Active,0,People with disabilities; People with mental illness,Health & Wellness,Be a Sports Class Assistant for People with Special Needs,Love 21 Foundation,0,2,1,1,1,0,0,a0N2y0000020ktW
OC-028892,Active,0,People with disabilities; People with mental illness,Health & Wellness,Be a Sports Class Assistant for People with Special Needs,Love 21 Foundation,0,2,1,0,2,0,0,a0N2y0000020ktW
OC-028893,Active,0,People with disabilities; People with mental illness,Health & Wellness,Be a Sports Class Assistant for People with Special Needs,Love 21 Foundation,0,2,1,0,2,0,0,a0N2y0000020ktW
OC-028894,Active,0,People with disabilities; People with mental illness,Health & Wellness,Be a Sports Class Assistant for People with Special Needs,Love 21 Foundation,0,2,1,0,2,0,0,a0N2y0000020ktW
OC-028895,Active,0,People with disabilities; People with mental illness,Health & Wellness,Be a Sports Class Assistant for People with Special Needs,Love 21 Foundation,0,2,1,2,0,0,0,a0N2y0000020ktW
OC-028896,Active,0,People with disabilities; People with mental illness,Health & Wellness,Be a Sports Class Assistant for People with Special Needs,Love 21 Foundation,0,2,1,0,2,0,0,a0N2y0000020ktW
OC-028897,Active,0,People with disabilities; People with mental illness,Health & Wellness,Be a Sports Class Assistant for People with Special Needs,Love 21 Foundation,0,2,1,0,2,0,0,a0N2y0000020ktW
OC-028898,Active,0,People with disabilities; People with mental illness,Health & Wellness,Be a Sports Class Assistant for People with Special Needs,Love 21 Foundation,0,2,1,0,2,0,0,a0N2y0000020ktW
OC-028899,Active,0,People with disabilities; People with mental illness,Health & Wellness,Be a Sports Class Assistant for People with Special Needs,Love 21 Foundation,0,2,1,0,2,0,0,a0N2y0000020ktW
OC-028900,Active,0,People with disabilities; People with mental illness,Health & Wellness,Be a Sports Class Assistant for People with Special Needs,Love 21 Foundation,0,2,1,0,2,0,0,a0N2y0000020ktW
OC-028901,Active,0,People with disabilities; People with mental illness,Health & Wellness,Be a Sports Class Assistant for People with Special Needs,Love 21 Foundation,0,2,1,0,2,0,0,a0N2y0000020ktW
OC-028890,Active,0,People with disabilities; People with mental illness,Health & Wellness,Be a Sports Class Assistant for People with Special Needs,Love 21 Foundation,0,2,1,0,2,0,0,a0N2y0000020ktW
OC-028926,Pending,310.62,Children and youth; Elderly; Hunger & homelessness,Civic & Community,Youth Empowered Opportunity: Collect Bread for Redistribution (Admiralty),Feeding Hong Kong,0,2,1,0,2,0,0,a0N2y000002123n
OC-028927,Pending,310.62,Children and youth; Elderly; Hunger & homelessness,Civic & Community,Youth Empowered Opportunity: Collect Bread for Redistribution (Admiralty),Feeding Hong Kong,0,2,1,0,2,0,0,a0N2y000002123n
OC-028928,Pending,310.62,Children and youth; Elderly; Hunger & homelessness,Civic & Community,Youth Empowered Opportunity: Collect Bread for Redistribution (Admiralty),Feeding Hong Kong,0,2,1,0,2,0,0,a0N2y000002123n
OC-028929,Pending,310.62,Children and youth; Elderly; Hunger & homelessness,Civic & Community,Youth Empowered Opportunity: Collect Bread for Redistribution (Admiralty),Feeding Hong Kong,0,2,1,0,2,0,0,a0N2y000002123n
OC-028930,Pending,310.62,Children and youth; Elderly; Hunger & homelessness,Civic & Community,Youth Empowered Opportunity: Collect Bread for Redistribution (Admiralty),Feeding Hong Kong,0,2,1,0,2,0,0,a0N2y000002123n
OC-028931,Pending,310.62,Children and youth; Elderly; Hunger & homelessness,Civic & Community,Youth Empowered Opportunity: Collect Bread for Redistribution (Admiralty),Feeding Hong Kong,0,2,1,0,2,0,0,a0N2y000002123n
OC-029122,Pending,310.62,Children and youth; Elderly; Hunger & homelessness,Civic & Community,Youth Empowered Opportunity: Collect Bread for Redistribution (Kwun Tong),Feeding Hong Kong,0,2,1,0,2,0,0,a0N2y00000213Dc
OC-029123,Pending,310.62,Children and youth; Elderly; Hunger & homelessness,Civic & Community,Youth Empowered Opportunity: Collect Bread for Redistribution (Kwun Tong),Feeding Hong Kong,0,2,1,0,2,0,0,a0N2y00000213Dc
OC-029124,Pending,310.62,Children and youth; Elderly; Hunger & homelessness,Civic & Community,Youth Empowered Opportunity: Collect Bread for Redistribution (Kwun Tong),Feeding Hong Kong,0,2,1,0,2,0,0,a0N2y00000213Dc
OC-029129,Pending,310.62,Children and youth; Elderly; Hunger & homelessness,Civic & Community,Youth Empowered Opportunity: Collect Bread for Redistribution (Kwun Tong),Feeding Hong Kong,0,2,1,0,2,0,0,a0N2y00000213Dc
OC-029130,Pending,310.62,Children and youth; Elderly; Hunger & homelessness,Civic & Community,Youth Empowered Opportunity: Collect Bread for Redistribution (Kwun Tong),Feeding Hong Kong,0,2,1,0,2,0,0,a0N2y00000213Dc
OC-029131,Pending,310.62,Children and youth; Elderly; Hunger & homelessness,Civic & Community,Youth Empowered Opportunity: Collect Bread for Redistribution (Kwun Tong),Feeding Hong Kong,0,2,1,0,2,0,0,a0N2y00000213Dc
OC-028998,Active,310.62,Children and youth; Elderly; Hunger & homelessness,Hunger & Homelessness ????????????,Youth Opportunity: Collect Bread for Redistribution (Causeway Bay),Feeding Hong Kong,0,2,1,2,0,0,0,a0N2y00000218QY
OC-028999,Active,310.62,Children and youth; Elderly; Hunger & homelessness,Hunger & Homelessness ????????????,Youth Opportunity: Collect Bread for Redistribution (Causeway Bay),Feeding Hong Kong,0,2,1,0,2,0,0,a0N2y00000218QY
OC-029000,Active,310.62,Children and youth; Elderly; Hunger & homelessness,Hunger & Homelessness ????????????,Youth Opportunity: Collect Bread for Redistribution (Causeway Bay),Feeding Hong Kong,0,2,1,0,2,0,0,a0N2y00000218QY
OC-029005,Active,310.62,Children and youth; Elderly; Hunger & homelessness,Hunger & Homelessness ????????????,Youth Opportunity: Collect Bread for Redistribution (Causeway Bay),Feeding Hong Kong,0,2,1,1,1,0,0,a0N2y00000218QY
OC-029006,Active,310.62,Children and youth; Elderly; Hunger & homelessness,Hunger & Homelessness ????????????,Youth Opportunity: Collect Bread for Redistribution (Causeway Bay),Feeding Hong Kong,0,2,1,1,1,0,0,a0N2y00000218QY
OC-029007,Active,310.62,Children and youth; Elderly; Hunger & homelessness,Hunger & Homelessness ????????????,Youth Opportunity: Collect Bread for Redistribution (Causeway Bay),Feeding Hong Kong,0,2,1,1,1,0,0,a0N2y00000218QY
OC-028982,Active,310.62,Children and youth; Elderly; Hunger & homelessness,Hunger & Homelessness ????????????,Youth Opportunity: Collect Bread for Redistribution (Tsim Sha Tsui),Feeding Hong Kong,0,2,1,0,2,0,0,a0N2y00000218rN
OC-028983,Active,310.62,Children and youth; Elderly; Hunger & homelessness,Hunger & Homelessness ????????????,Youth Opportunity: Collect Bread for Redistribution (Tsim Sha Tsui),Feeding Hong Kong,0,2,1,0,2,0,0,a0N2y00000218rN
OC-028984,Active,310.62,Children and youth; Elderly; Hunger & homelessness,Hunger & Homelessness ????????????,Youth Opportunity: Collect Bread for Redistribution (Tsim Sha Tsui),Feeding Hong Kong,0,2,1,0,2,0,0,a0N2y00000218rN
OC-028989,Active,310.62,Children and youth; Elderly; Hunger & homelessness,Hunger & Homelessness ????????????,Youth Opportunity: Collect Bread for Redistribution (Tsim Sha Tsui),Feeding Hong Kong,0,2,1,0,2,0,0,a0N2y00000218rN
OC-028990,Active,310.62,Children and youth; Elderly; Hunger & homelessness,Hunger & Homelessness ????????????,Youth Opportunity: Collect Bread for Redistribution (Tsim Sha Tsui),Feeding Hong Kong,0,2,1,0,2,0,0,a0N2y00000218rN
OC-028991,Active,310.62,Children and youth; Elderly; Hunger & homelessness,Hunger & Homelessness ????????????,Youth Opportunity: Collect Bread for Redistribution (Tsim Sha Tsui),Feeding Hong Kong,0,2,1,0,2,0,0,a0N2y00000218rN
OC-029140,Active,21,Children and youth; People with disabilities,Education and Empowerment for Children and Youth ????????????,Help at Play Group with Students with Intellectual Disabilities,Hong Kong Red Cross John F. Kennedy Centre,0,2,1,0,2,0,0,a0N2y0000021CoR
OC-029154,Pending,310.62,Children and youth; Elderly; Hunger & homelessness,Hunger & Homelessness ????????????,Youth Empowered Opportunity: Collect Bread for Redistribution (Sheung Wan),Feeding Hong Kong,0,2,1,0,2,0,0,a0N2y0000021Cpu
OC-029155,Pending,310.62,Children and youth; Elderly; Hunger & homelessness,Hunger & Homelessness ????????????,Youth Empowered Opportunity: Collect Bread for Redistribution (Sheung Wan),Feeding Hong Kong,0,2,1,0,2,0,0,a0N2y0000021Cpu
OC-029156,Pending,310.62,Children and youth; Elderly; Hunger & homelessness,Hunger & Homelessness ????????????,Youth Empowered Opportunity: Collect Bread for Redistribution (Sheung Wan),Feeding Hong Kong,0,2,1,0,2,0,0,a0N2y0000021Cpu
OC-029161,Pending,310.62,Children and youth; Elderly; Hunger & homelessness,Hunger & Homelessness ????????????,Youth Empowered Opportunity: Collect Bread for Redistribution (Sheung Wan),Feeding Hong Kong,0,2,1,0,2,0,0,a0N2y0000021Cpu
OC-029162,Pending,310.62,Children and youth; Elderly; Hunger & homelessness,Hunger & Homelessness ????????????,Youth Empowered Opportunity: Collect Bread for Redistribution (Sheung Wan),Feeding Hong Kong,0,2,1,0,2,0,0,a0N2y0000021Cpu
OC-029163,Pending,310.62,Children and youth; Elderly; Hunger & homelessness,Hunger & Homelessness ????????????,Youth Empowered Opportunity: Collect Bread for Redistribution (Sheung Wan),Feeding Hong Kong,0,2,1,0,2,0,0,a0N2y0000021Cpu
OC-029153,Pending,0,Children and youth; Refugees and asylum seekers,Education and Empowerment for Children and Youth ????????????,Youth Empowered Info Session: Providing support to refugee children,"Christian Action, Virtual Volunteering",0,100,1,0,100,0,0,a0N2y0000021Cq9
OC-029168,Pending,0,Environmental education,Environmental Conservation ????,Youth Empowered Opportunity: Info Session on Reducing Plastic Usage,"PFS, virtual volunteering",0,40,1,0,40,0,0,a0N2y0000021CuH
OC-029169,Pending,0,Children and youth,Education and Empowerment for Children and Youth ????????????,Youth Empowered Info Session: Be a 'Blind Buddy' to support a student,"Christian Action, Virtual Volunteering",0,50,1,0,50,0,0,a0N2y0000021Cvy
OC-029170,Pending,0,,Civic & Community,Self-Reported Volunteer Hours,Self-Reporting Unique Location,0,1,1,0,1,0,0,a0N2y0000021CwI
OC-029171,Pending,0,Children and youth,Education and Empowerment for Children and Youth ????????????,Youth Empowered Info Session: Help a child with their homework through Zoom,"HKLSS, virtual volunteering",0,40,1,0,40,0,0,a0N2y0000021CwS
,,,,,,,,,,,,,,
Occurrence Overview Report,,,,,,,,,,,,,,
"Copyright (c) 2000-2020 salesforce.com, inc. All rights reserved.",,,,,,,,,,,,,,
Confidential Information - Do Not Distribute,,,,,,,,,,,,,,
"Generated By: Bixian Lin 9/10/2020, 3:09 pm",,,,,,,,,,,,,,
HandsOn Hong Kong,,,,,,,,,,,,,,
